ticker,loan_id,property_name,city,state,address,zip,loan_level_type
BACM 2017-BNK3,18,FREMAUX TOWN CENTER,,,,,
BACM 2017-BNK3,3,JW MARRIOTT DESERT SPRINGS,,,,,
BACM 2017-BNK3,31,"HOLIDAY INN EXPRESS - GARLAND, TX",,,,,
BACM 2017-BNK3,61,"1002, 1008, 1014, 1020 SOUTH JASON STREET",,,,,
BACM 2017-BNK3,61,1011 SOUTH HURON STREET,,,,,
BANK 2017-BNK4,5,JW MARRIOTT DESERT SPRINGS,,,,,
BANK 2017-BNK4,9,MERRILL LYNCH DRIVE,,,,,
BANK 2017-BNK5,18,CROSSGATES COMMONS,,,,,
BANK 2017-BNK5,20,JACKSONVILLE HILTON HOTELS,,,,,
BANK 2017-BNK5,28,COMFORT INN HOTEL CIRCLE,,,,,
BANK 2017-BNK5,32,TEMESCAL VILLAGE PLAZA,,,,,
BANK 2017-BNK5,7,270 CORPORATE CENTER,,,,,
BANK 2017-BNK5,9,CARDINAL HEALTH,,,,,
BANK 2017-BNK5,9,TE CONNECTIVITY,,,,,
BANK 2017-BNK5,9,FCA LLC,,,,,
BANK 2017-BNK5,9,FEDEX (STAUNTON),,,,,
BANK 2017-BNK5,9,QUADPACKAGING (PROTEUS),,,,,
BANK 2017-BNK5,9,QUADPACKAGING (TRANSPAK),,,,,
BANK 2017-BNK5,9,T-MOBILE,,,,,
BANK 2017-BNK5,9,H&E EQUIPMENT SERVICES (YUKON),,,,,
BANK 2017-BNK5,9,H&E EQUIPMENT SERVICES (GREER),,,,,
BANK 2017-BNK5,9,BAXALTA (ANKENY),,,,,
BANK 2017-BNK5,9,H&E EQUIPMENT SERVICES (SAN ANTONIO),,,,,
BANK 2017-BNK5,9,BAE SYSTEMS,,,,,
BANK 2017-BNK5,9,FEDEX (STRATFORD),,,,,
BANK 2017-BNK5,9,FEDEX (BALTIMORE),,,,,
BANK 2017-BNK5,9,HARMAN,,,,,
BANK 2017-BNK5,9,GE AVIATION (LAFAYETTE),,,,,
BANK 2017-BNK5,9,GODADDY,,,,,
BANK 2017-BNK5,9,CARRIER,,,,,
BANK 2017-BNK5,9,EMERUS,,,,,
BANK 2017-BNK5,9,H&E EQUIPMENT SERVICES (COLUMBIA),,,,,
BANK 2017-BNK5,9,LKQ CORPORATION (TOLEDO),,,,,
BANK 2017-BNK5,9,SIKORSKY AIRCRAFT,,,,,
BANK 2017-BNK5,9,VATTEROTT COLLEGE,,,,,
BANK 2017-BNK5,9,COMCAST,,,,,
BANK 2017-BNK5,9,ALFA LAVAL,,,,,
BANK 2017-BNK5,9,LKQ CORPORATION (NEW BRAUNFELS),,,,,
BANK 2017-BNK5,9,HITACHI,,,,,
BANK 2017-BNK5,9,CAMERON,,,,,
BANK 2017-BNK5,9,ALLIANCE DATA,,,,,
BANK 2017-BNK5,9,SYNCHRONY FINANCIAL,,,,,
BANK 2017-BNK5,9,BAXALTA (BARRY POINTE),,,,,
BANK 2017-BNK5,9,BAXALTA (CASSELBERRY),,,,,
BANK 2017-BNK5,9,BAXALTA (MOUNDS VIEW),,,,,
BANK 2017-BNK5,9,BAXALTA (GRAND RAPIDS),,,,,
BANK 2017-BNK5,9,GERDAU,,,,,
BANK 2017-BNK5,9,BAXALTA (WAUSAU),,,,,
BANK 2017-BNK5,9,BAXALTA (SPRINGFIELD),,,,,
BANK 2017-BNK5,9,LKQ (SALISBURY),,,,,
BANK 2017-BNK5,9,H&E EQUIPMENT SERVICES (NEW ORLEANS),,,,,
BANK 2017-BNK5,9,GE AVIATION (POMPANO),,,,,
BANK 2017-BNK5,9,SAINT-GOBAIN,,,,,
BANK 2017-BNK6,12,TRUMBULL MARRIOTT,,,,,
BANK 2017-BNK6,13,GRAN PARK AT THE AVENUES,,,,,
BANK 2017-BNK6,2,LKQ CORPORATION (TOLEDO),,,,,
BANK 2017-BNK6,2,BAXALTA (WAUSAU),,,,,
BANK 2017-BNK6,2,BAXALTA (GRAND RAPIDS),,,,,
BANK 2017-BNK6,2,GERDAU,,,,,
BANK 2017-BNK6,2,BAE SYSTEMS,,,,,
BANK 2017-BNK6,2,FEDEX (STRATFORD),,,,,
BANK 2017-BNK6,2,FEDEX (BALTIMORE),,,,,
BANK 2017-BNK6,2,HARMAN,,,,,
BANK 2017-BNK6,2,GE AVIATION (LAFAYETTE),,,,,
BANK 2017-BNK6,2,GODADDY,,,,,
BANK 2017-BNK6,2,CARRIER,,,,,
BANK 2017-BNK6,2,EMERUS,,,,,
BANK 2017-BNK6,2,CARDINAL HEALTH,,,,,
BANK 2017-BNK6,2,TE CONNECTIVITY,,,,,
BANK 2017-BNK6,2,FCA LLC,,,,,
BANK 2017-BNK6,2,FEDEX (STAUNTON),,,,,
BANK 2017-BNK6,2,QUADPACKAGING (PROTEUS),,,,,
BANK 2017-BNK6,2,QUADPACKAGING (TRANSPAK),,,,,
BANK 2017-BNK6,2,T-MOBILE,,,,,
BANK 2017-BNK6,2,SIKORSKY AIRCRAFT,,,,,
BANK 2017-BNK6,2,VATTEROTT COLLEGE,,,,,
BANK 2017-BNK6,2,COMCAST,,,,,
BANK 2017-BNK6,2,ALFA LAVAL,,,,,
BANK 2017-BNK6,2,LKQ CORPORATION (NEW BRAUNFELS),,,,,
BANK 2017-BNK6,2,HITACHI,,,,,
BANK 2017-BNK6,2,CAMERON,,,,,
BANK 2017-BNK6,2,ALLIANCE DATA,,,,,
BANK 2017-BNK6,2,SYNCHRONY FINANCIAL,,,,,
BANK 2017-BNK6,2,BAXALTA (BARRY POINTE),,,,,
BANK 2017-BNK6,2,BAXALTA (CASSELBERRY),,,,,
BANK 2017-BNK6,2,BAXALTA (MOUNDS VIEW),,,,,
BANK 2017-BNK6,2,BAXALTA (SPRINGFIELD),,,,,
BANK 2017-BNK6,2,LKQ (SALISBURY),,,,,
BANK 2017-BNK6,2,BAXALTA (ANKENY),,,,,
BANK 2017-BNK6,2,H&E EQUIPMENT SERVICES (SAN ANTONIO),,,,,
BANK 2017-BNK6,2,H&E EQUIPMENT SERVICES (NEW ORLEANS),,,,,
BANK 2017-BNK6,2,GE AVIATION (POMPANO),,,,,
BANK 2017-BNK6,2,SAINT-GOBAIN,,,,,
BANK 2017-BNK6,2,H&E EQUIPMENT SERVICES (COLUMBIA),,,,,
BANK 2017-BNK6,2,H&E EQUIPMENT SERVICES (YUKON),,,,,
BANK 2017-BNK6,2,H&E EQUIPMENT SERVICES (GREER),,,,,
BANK 2017-BNK6,64,MERMAID MANOR MHC,,,,,
BANK 2017-BNK7,10,RALEIGH MARRIOTT CITY CENTER,,,,,
BANK 2017-BNK7,12,JACKSONVILLE - DOUBLETREE,,,,,
BANK 2017-BNK7,41,SUMMIT SELF STORAGE,,,,,
BANK 2017-BNK8,1,CHRISTUS HEALTH HQ,,,,,
BANK 2017-BNK8,1,WELLS FARGO OPERATIONS CENTER,,,,,
BANK 2017-BNK8,1,ACE HARDWARE HQ,,,,,
BANK 2017-BNK8,1,ROYAL RIDGE V,,,,,
BANK 2017-BNK8,1,DUKE BRIDGES I,,,,,
BANK 2017-BNK8,1,COMCAST REGIONAL HQ,,,,,
BANK 2017-BNK8,1,RESTORATION HARDWARE DISTRIBUTION,,,,,
BANK 2017-BNK8,1,NORTH POINTE I,,,,,
BANK 2017-BNK8,1,CORPORATE CAMPUS AT NORTERRA,,,,,
BANK 2017-BNK8,1,STATE FARM REGIONAL HQ,,,,,
BANK 2017-BNK8,45,WALGREENS CARLSBAD NM,,,,,
BANK 2017-BNK9,2,NORTH POINTE I,,,,,
BANK 2017-BNK9,2,COMCAST REGIONAL HQ,,,,,
BANK 2017-BNK9,2,ROYAL RIDGE V,,,,,
BANK 2017-BNK9,2,ACE HARDWARE HQ,,,,,
BANK 2017-BNK9,2,WELLS FARGO OPERATIONS CENTER,,,,,
BANK 2017-BNK9,2,DUKE BRIDGES I,,,,,
BANK 2017-BNK9,2,CORPORATE CAMPUS AT NORTERRA,,,,,
BANK 2017-BNK9,2,STATE FARM REGIONAL HQ,,,,,
BANK 2017-BNK9,2,RESTORATION HARDWARE DISTRIBUTION,,,,,
BANK 2017-BNK9,2,CHRISTUS HEALTH HQ,,,,,
BANK 2017-BNK9,20,THE KNOX,,,,,
BANK 2017-BNK9,25,ORLAND SQUARE,,,,,
BANK 2017-BNK9,3,LAGUNA CLIFFS MARRIOTT,,,,,
BANK 2017-BNK9,34,OLD BARN SELF STORAGE,,,,,
BANK 2018-BNK10,32,LA QUINTA INN GOODLETTSVILLE,,,,,
BANK 2018-BNK10,57,6340 MIDDLEBELT ROAD,,,,,
BANK 2018-BNK10,58,WORTHINGTON INDUSTRIAL PARK,,,,,
BANK 2018-BNK11,36,SUNNYVALE MEDICAL PLAZA,,,,,
BANK 2018-BNK12,37,BELL PARK PLAZA,,,,,
BANK 2018-BNK13,10,FLORIDA HOTEL & CONFERENCE CENTER,,,,,
BANK 2018-BNK13,17,REGAL CINEMAS LINCOLNSHIRE,,,,,
BANK 2018-BNK13,3,PFIZER BUILDING,,,,,
BANK 2018-BNK13,34,HIGH POINT APARTMENTS,,,,,
BANK 2018-BNK13,34,MENDENHALL GARDENS,,,,,
BANK 2018-BNK13,41,DARIEN POINTE PLAZA,,,,,
BANK 2018-BNK14,19,PFIZER BUILDING,,,,,
BANK 2018-BNK14,4,43790 DEVIN SHAFRON DRIVE,,,,,
BANK 2018-BNK14,4,444 TOYAMA DRIVE,,,,,
BANK 2018-BNK14,4,14901 FAA BOULEVARD,,,,,
BANK 2018-BNK14,4,4700 OLD IRONSIDES DRIVE,,,,,
BANK 2018-BNK14,4,7505 MASON KING COURT,,,,,
BANK 2018-BNK14,4,21551 BEAUMEADE CIRCLE,,,,,
BANK 2018-BNK14,4,4650 OLD IRONSIDES DRIVE,,,,,
BANK 2018-BNK14,4,636 PIERCE STREET,,,,,
BANK 2018-BNK15,10,PFIZER BUILDING,,,,,
BANK 2018-BNK15,14,444 TOYAMA DRIVE,,,,,
BANK 2018-BNK15,14,4700 OLD IRONSIDES DRIVE,,,,,
BANK 2018-BNK15,14,7505 MASON KING COURT,,,,,
BANK 2018-BNK15,14,21551 BEAUMEADE CIRCLE,,,,,
BANK 2018-BNK15,14,636 PIERCE STREET,,,,,
BANK 2018-BNK15,14,43790 DEVIN SHAFRON DRIVE,,,,,
BANK 2018-BNK15,14,4650 OLD IRONSIDES DRIVE,,,,,
BANK 2018-BNK15,14,14901 FAA BOULEVARD,,,,,
BANK 2018-BNK15,32,INWOOD QUOROM,,,,,
BANK 2018-BNK15,35,BEST WESTERN SPRING TX,,,,,
BANK 2018-BNK15,57,"WALGREENS - CORBIN, KY",,,,,
BANK 2019-BNK16,2,DOUBLETREE ATLANTA NORTH DRUID HILLS,,NA,,,LO
BANK 2019-BNK16,2,HAMPTON INN ATLANTA NORTH DRUID HILLS,,NA,,,LO
BANK 2019-BNK16,2,COURTYARD CHARLOTTE GASTONIA,,NA,,,LO
BANK 2019-BNK16,30,4650 OLD IRONSIDES DRIVE,,,,,
BANK 2019-BNK16,30,14901 FAA BOULEVARD,,,,,
BANK 2019-BNK16,30,444 TOYAMA DRIVE,,,,,
BANK 2019-BNK16,30,4700 OLD IRONSIDES DRIVE,,,,,
BANK 2019-BNK16,30,7505 MASON KING COURT,,,,,
BANK 2019-BNK16,30,21551 BEAUMEADE CIRCLE,,,,,
BANK 2019-BNK16,30,636 PIERCE STREET,,,,,
BANK 2019-BNK16,30,43790 DEVIN SHAFRON DRIVE,,,,,
BANK 2019-BNK17,30,HILLCREST APARTMENTS,,,,,
BANK 2019-BNK17,36,TREE LANE PORTFOLIO,,,,,
BANK 2019-BNK19,12,29 WEST 35TH STREET,,,,,
BANK 2019-BNK20,4,CASA DEL MAR,,,,,
BANK 2019-BNK20,4,PROVIDENCE AT MEMORIAL,,,,,
BANK 2019-BNK20,4,DIAMOND HILL,,,,,
BANK 2019-BNK20,4,BUENA VISTA,,,,,
BANK 2019-BNK20,4,SEDONA POINTE,,,,,
BANK 2019-BNK21,11,PROVIDENCE AT MEMORIAL,,,,,
BANK 2019-BNK21,11,CASA DEL MAR,,,,,
BANK 2019-BNK21,11,BUENA VISTA,,,,,
BANK 2019-BNK21,11,SEDONA POINTE,,,,,
BANK 2019-BNK21,11,DIAMOND HILL,,,,,
BANK 2019-BNK21,30,RESIDENCE INN - CUMBERLAND GALLERIA,,,,,
BANK 2019-BNK21,33,4440 EAST TROPICANA AVENUE,,,,,
BANK 2020-BNK25,14,STOP & SHOP - BRISTOL,,,,,
BANK 2020-BNK25,14,STOP & SHOP - MALDEN,,,,,
BANK 2020-BNK25,14,STOP & SHOP - SWAMPSCOTT,,,,,
BANK 2020-BNK25,14,STOP & SHOP - FRAMINGHAM,,,,,
BANK 2020-BNK26,36,7701 & 7721 EASTCHASE PARKWAY,,,,,
BANK 2020-BNK28,24,PALM SPRINGS AIRPORT SELF STORAGE,,,,,
BANK 2020-BNK29,39,WALGREENS AURORA,,,,,
BANK 2021-BNK31,38,1049 5TH AVENUE,,,,,
BANK 2021-BNK33,27,OAK SHADES,,,,,
BANK 2021-BNK33,27,MANNING MHC,,,,,
BANK 2021-BNK33,27,CLAYTONS PATCH,,,,,
BANK 2021-BNK33,27,SHADY GROVE,,,,,
BANK 2021-BNK33,27,WHISPERING WINDS,,,,,
BANK 2021-BNK34,36,928 NORTH SAN VICENTE,,,,,
BANK 2021-BNK36,74,BROOKVILLE MHC,,,,,
BANK 2022-BNK41,3A,DALLAS DESIGN DISTRICT,,NA,VARIOUS,75207,
BANK 2023-BNK45,5,FOUR POINTS CENTRE 3,,,,,
BANK 2023-BNK45,5,"METROPLEX, PA",,,,,
BANK 2023-BNK45,5,933 FIRST AVENUE,,,,,
BANK 2023-BNK45,5,THE BULLETIN BUILDING,,,,,
BANK 2023-BNK45,5,1900 MARKET,,,,,
BANK 2023-BNK45,5,500 NORTH GULPH,,,,,
BANK 2023-BNK45,5,401-405 COLORADO,,,,,
BANK5 2023-5YR1,3,401-405 COLORADO,,,,,
BANK5 2023-5YR1,3,1900 MARKET,,,,,
BANK5 2023-5YR1,3,THE BULLETIN BUILDING,,,,,
BANK5 2023-5YR1,3,FOUR POINTS CENTRE 3,,,,,
BANK5 2023-5YR1,3,500 NORTH GULPH,,,,,
BANK5 2023-5YR1,3,"METROPLEX, PA",,,,,
BANK5 2023-5YR1,3,933 FIRST AVENUE,,,,,
BANK5 2023-5YR4,3,NVIDIA SANTA CLARA,,,,,
BBCMS 2017-C1,11,STATE FARM DATA CENTER,,,,,
BBCMS 2017-C1,16,GATEWAY PLAZA AT MERIDIAN,,,,,
BBCMS 2017-C1,22,LAKEWOOD VILLAGE,,,,,
BBCMS 2017-C1,34,VALUE PLACE - SHELBY OAKS,,,,,
BBCMS 2017-C1,34,VALUE PLACE - RIVERDALE,,,,,
BBCMS 2017-C1,38,HI-VIEW ESTATES MHC,,,,,
BBCMS 2017-C1,38,MONTICELLO,,,,,
BBCMS 2017-C1,38,HICKORY VILLAGE,,,,,
BBCMS 2017-C1,38,SWAN LAKE,,,,,
BBCMS 2017-C1,5,MERRILL LYNCH DRIVE,,,,,
BBCMS 2017-C1,52,WASHINGTON PLACE SHOPPING CENTER,,,,,
BBCMS 2017-C1,58,HOUSTON SELF STORAGE,,,,,
BBCMS 2019-C3,26,1200 Network Centre Drive,,,,,
BBCMS 2019-C3,50,123 Whiting Street,,,,,
BBCMS 2019-C4,11,TRIATRIA OFFICE BUILDING,,,,,
BBCMS 2019-C4,4,"FRESENIUS MEDICAL CARE - WEST COLUMBIA, SC",,NA,,,
BBCMS 2019-C4,41,SEA BREEZE INN & COTTAGES,,,,,
BBCMS 2019-C4,41,BIDE-A-WEE INN & COTTAGES,,,,,
BBCMS 2019-C4,62,QUALITY INN & SUITES BREMERTON,,,,,
BBCMS 2019-C4,66,588 EAST SAN LORENZO ROAD,,,,,
BBCMS 2019-C5,44,Vineland Leased Fee,Orlando,FL,8707  8735 and 8761 Vineland Avenue,32821,
BBCMS 2019-C5,5-A2-A3,Equinix Data Center,Secaucus,NJ,755 & 800 Secaucus Road and 105 Enterprise Avenue,07094,
BBCMS 2020-C8,23,2260 University Drive,,,,,
BBCMS 2020-C8,39,Springboro Plaza,,,,,
BBCMS 2021-C11,26,415 GREEN STREET,,,,,
BBCMS 2021-C11,26,201 SAINT MICHAEL STREET,,,,,
BBCMS 2021-C11,26,6669 SHORT LANE,,,,,
BBCMS 2021-C11,26,84 NORTH MAIN STREET,,,,,
BBCMS 2021-C11,26,4 FARM COLONY DRIVE,,,,,
BBCMS 2021-C9,46,Rite Aid Gibbstown,,,,,
BBCMS 2021-C9,47,57 4th Avenue,,,,,
BBCMS 2021-C9,53,43500 Gen Mar Drive,,,,,
BBCMS 2022-C15,42,Minnesota Lake Mhc,,,,,
BBCMS 2022-C16,60,Lamplighter Mhc,,,,,
BBCMS 2022-C18,20,Sheraton Metairie,,,,,
BBCMS 2023-C19,15,Fibertown Data Center,Bryan,TX,100 110 and 120 North Main Street,77803,
BMARK 2018-B1,12,BAXALTA (WAUSAU),,,,,
BMARK 2018-B1,12,CAMERON INTERNATIONAL,,,,,
BMARK 2018-B1,12,ALLIANCE DATA SYSTEMS OFFICE,,,,,
BMARK 2018-B1,12,SYNCHRONY FINANCIAL,,,,,
BMARK 2018-B1,12,BAXALTA (BARRY POINTE),,,,,
BMARK 2018-B1,12,BAXALTA (CASSELBERRY),,,,,
BMARK 2018-B1,12,BAXALTA (MOUNDS VIEW),,,,,
BMARK 2018-B1,12,BAXALTA (GRAND RAPIDS),,,,,
BMARK 2018-B1,12,GERDAU,,,,,
BMARK 2018-B1,12,BAXALTA (SPRINGFIELD),,,,,
BMARK 2018-B1,12,LKQ (SALISBURY),,,,,
BMARK 2018-B1,12,BAXALTA (ANKENY),,,,,
BMARK 2018-B1,12,H&E EQUIPMENT SERVICES (SAN ANTONIO),,,,,
BMARK 2018-B1,12,H&E EQUIPMENT SERVICES (NEW ORLEANS),,,,,
BMARK 2018-B1,12,GE AVIATION (POMPANO),,,,,
BMARK 2018-B1,12,SAINT-GOBAIN WAREHOUSE,,,,,
BMARK 2018-B1,12,H&E EQUIPMENT SERVICES (COLUMBIA),,,,,
BMARK 2018-B1,12,H&E EQUIPMENT SERVICES (YUKON),,,,,
BMARK 2018-B1,12,LKQ (TOLEDO),,,,,
BMARK 2018-B1,12,H&E EQUIPMENT SERVICES (GREER),,,,,
BMARK 2018-B1,12,HITACHI,,,,,
BMARK 2018-B1,12,LKQ (NEW BRAUNFELS),,,,,
BMARK 2018-B1,12,ALFA LAVAL PLANT,,,,,
BMARK 2018-B1,12,COMCAST,,,,,
BMARK 2018-B1,12,VATTEROTT COLLEGE,,,,,
BMARK 2018-B1,12,SIKORSKY AIRCRAFT R&D FACILITY,,,,,
BMARK 2018-B1,12,T-MOBILE CALL CENTER,,,,,
BMARK 2018-B1,12,QUAD PACKAGING (TRANSPAK) - FRANKLIN BUSINESS PARK,,,,,
BMARK 2018-B1,12,QUAD PACKAGING (PROTEUS) - FRANKLIN BUSINESS PARK,,,,,
BMARK 2018-B1,12,FEDEX GROUND (STAUNTON),,,,,
BMARK 2018-B1,12,FCA/CATERPILLAR,,,,,
BMARK 2018-B1,12,TYCO ELECTRONICS,,,,,
BMARK 2018-B1,12,CARDINAL HEALTH,,,,,
BMARK 2018-B1,12,EMERUS,,,,,
BMARK 2018-B1,12,CARRIER,,,,,
BMARK 2018-B1,12,GODADDY,,,,,
BMARK 2018-B1,12,GE AVIATION (LAFAYETTE),,,,,
BMARK 2018-B1,12,HARMAN BECKER,,,,,
BMARK 2018-B1,12,FEDEX (BALTIMORE),,,,,
BMARK 2018-B1,12,FEDEX GROUND (STRATFORD),,,,,
BMARK 2018-B1,12,BAE FACILITY,,,,,
BMARK 2018-B1,18,MARRIOTT CHARLOTTE CITY CENTER,,,,,
BMARK 2018-B1,22,TOWERS AT UNIVERSITY TOWN CENTER,,,,,
BMARK 2018-B1,25,VALLEY CROSSING,,,,,
BMARK 2018-B1,29,HONEY CREEK MARKETPLACE,,,,,
BMARK 2018-B1,3,THE WOODS,,,,,
BMARK 2018-B1,33,TRI STATE NEIGHBORHOOD CENTER,,,,,
BMARK 2018-B1,34,FAIRFIELD INN & SUITES - PANAMA CITY BEACH,,,,,
BMARK 2018-B1,35,HAMPTON INN & SUITES SHELBY,,,,,
BMARK 2018-B1,4,CORPORATE CAMPUS AT NORTERRA,,,,,
BMARK 2018-B1,4,STATE FARM REGIONAL HQ,,,,,
BMARK 2018-B1,4,RESTORATION HARDWARE DISTRIBUTION,,,,,
BMARK 2018-B1,4,WELLS FARGO OPERATIONS CENTER,,,,,
BMARK 2018-B1,4,DUKE BRIDGES I,,,,,
BMARK 2018-B1,4,CHRISTUS HEALTH HQ,,,,,
BMARK 2018-B1,4,NORTH POINTE I,,,,,
BMARK 2018-B1,4,COMCAST REGIONAL HQ,,,,,
BMARK 2018-B1,4,ROYAL RIDGE V,,,,,
BMARK 2018-B1,4,ACE HARDWARE HQ,,,,,
BMARK 2018-B1,41,Q-2 SELF STORAGE,,,,,
BMARK 2018-B1,8,SENTINEL SQUARE II,,,,,
BMARK 2018-B3,11,Greystone Park,,,,,
BMARK 2018-B3,14,Schiller Park Industrial Site,,,,,
BMARK 2018-B3,20,Mesquite Terraces,,,,,
BMARK 2018-B3,29,Holiday Inn Miami West Airport Area,,,,,
BMARK 2018-B3,33,Towers at University Town Center,,,,,
BMARK 2018-B3,37,1101-1109 West Randolph Street,,,,,
BMARK 2018-B3,40,The Stimson Building,,,,,
BMARK 2018-B3,44,Centro Retail Condo,,,,,
BMARK 2018-B3,9,Marriott Charlotte City Center,,,,,
BMARK 2018-B4,13,EMBASSY SUITES GLENDALE,,,,,
BMARK 2018-B4,14,EOS 21,,,,,
BMARK 2018-B4,16,CROWNE PLAZA DALLAS,,,,,
BMARK 2018-B4,23,HIGH PEAKS,,,,,
BMARK 2018-B4,34,PARK SANTA FE,,,,,
BMARK 2018-B4,42,834 1ST STREET,,,,,
BMARK 2018-B4,43,844 2ND AVENUE,,,,,
BMARK 2018-B5,21,WALK AT HIGHWOODS PRESERVE,,,,,
BMARK 2018-B5,5,RENAISSANCE TAMPA INTERNATIONAL PLAZA HOTEL,,,,,
BMARK 2018-B8,13,Suncrest Village,,,,,
BMARK 2018-B8,17,Faurecia Columbus,,,,,
BMARK 2018-B8,25,1421 West Shure Drive,,,,,
BMARK 2018-B8,41,Anthem Eastside Shops,,,,,
BMARK 2019-B10,38,Rosemont Commons Fee,Fairlawn,OH,3750 West Market Street,44333,
BMARK 2019-B11,11,Western Digital,,,,,
BMARK 2019-B11,21,1200 Network Centre Drive,,,,,
BMARK 2019-B11,29,One Parkway North,,,,,
BMARK 2019-B11,31,Orchard Park Apartments,,,,,
BMARK 2019-B11,6,Residence Inn Salt Lake City,,,,,
BMARK 2019-B12,14,2 MacArthur Place,,,,,
BMARK 2019-B12,15,The Centre,,,,,
BMARK 2019-B12,31,Pegasus Landing Apartments,,,,,
BMARK 2019-B12,33,Jurupa Royale Apartments,,,,,
BMARK 2019-B12,38,Hampton Inn Terre Haute,,,,,
BMARK 2019-B12,46,Walgreen's Stockton,,,,,
BMARK 2019-B12,47,359 South La Brea,,,,,
BMARK 2019-B13,26,Fern Marketplace,,,,,
BMARK 2019-B13,30,The BC Remedy Building,,,,,
BMARK 2019-B13,33,47 Clinton Street,,,,,
BMARK 2019-B14,33,Caughlin Ranch,,,,,
BMARK 2019-B14,37,Arrow Business Park,,,,,
BMARK 2019-B14,44,Bay Pointe Apartments,,,,,
BMARK 2019-B14,5,180 Water Street,,,,,
BMARK 2019-B14,7,Legends at Village West,,,,,
BMARK 2019-B15,10,Legends at Village West,,,,,
BMARK 2019-B9,26,1421 WEST SHURE DRIVE,,,,,
BMARK 2019-B9,32,120 SPRING STREET,,,,,
BMARK 2019-B9,37,ROCKWOOD PLAZA SHOPPING CENTER,,,,,
BMARK 2019-B9,4,NORTHLAND INNOVATION CAMPUS,,NA,,,
BMARK 2020-B16,23,300 N. College,,,,,
BMARK 2020-B17,13,Crenshaw Plaza,,,,,
BMARK 2020-B17,5,Courtyard Larkspur Landing Marin County,,,,,
BMARK 2020-B18,1,Sarasota Distribution Hub,,,,,
BMARK 2020-B18,11,Chase Center Tower 1,,,,,
BMARK 2020-B18,12,Chase Center Tower II,,,,,
BMARK 2020-B18,20,Jasmine Cove,,,,,
BMARK 2020-B19,14,Redmond Town Center,,,,,
BMARK 2020-B19,23,Varsity Brands,,,,,
BMARK 2020-B19,38,Platteville Property,,,,,
BMARK 2020-B19,5,Sarasota Distribution Hub,,,,,
BMARK 2020-B20,12,Redmond Town Center,,,,,
BMARK 2020-B20,9,Sarasota Distribution Hub,,,,,
BMARK 2020-B21,14,Redmond Town Center,,,,,
BMARK 2020-B21,30,Commercial Unit #1 (Garage Unit),,,,,
BMARK 2020-B22,33,Prime Storage Palm Desert,,,,,
BMARK 2021-B27,26,DoubleTree Spokane,,,,,
BMARK 2021-B28,46,AAA Platte,,,,,
BMARK 2021-B30,36,"Walgreens - West Palm, FL",,,,,
BMARK 2022-B32,43,Lakeville Townhomes,,,,,
BMARK 2022-B37,28,Prospero Place and Garage,,,,,
BMARK 2023-B40,20,Nvidia Santa Clara,,,,,
BMO 2022-C2,37,Beverly Industrial Park,,,,,
BMO 2023-5C1,21A-1,30  40 and 60 East 9th Street,New York,NY,30  40 and 60 East 9th Street,10003,
CCMT 2016-P6,16,Walgreens Moline,,,,,
CCMT 2016-P6,17,Walgreens Cottonwood,,,,,
CCMT 2016-P6,22,Horn Lake Storage - Goodman Road,,,,,
CCMT 2016-P6,25,1820 South McDonald,,,,,
CCMT 2016-P6,3,Quantum Park,,,,,
CCMT 2016-P6,31,Rogers Storage - StorMart,,,,,
CCMT 2016-P6,32,Fairfield Inn & Suites Downtown Milwaukee,,,,,
CCMT 2016-P6,54,515 Main Street,,,,,
CCMT 2016-P6,9,Keystone Veva,,,,,
CCMT 2017-B1,23,CROSSGATES COMMONS,,,,,
CCMT 2017-B1,28,ARROW PALMS,,,,,
CCMT 2017-B1,28,CIRCLE K,,,,,
CCMT 2017-B1,28,DOLL HOUSE AND HACIENDA APARTMENTS,,,,,
CCMT 2017-B1,28,CARRIAGE COURT,,,,,
CCMT 2017-B1,28,LA VILLA,,,,,
CCMT 2017-B1,44,MOVE IT SELF STORAGE - ATASCOCITA,,,,,
CCMT 2017-B1,6,CHATEAU MARMONT,,,,,
CCMT 2017-C4,18,164 Fifth Avenue,,,,,
CCMT 2017-C4,19,2100 West Loop South,,,,,
CCMT 2017-C4,25,I.M. Pei Building,,,,,
CCMT 2017-C4,26,Old Orchard Center,,,,,
CCMT 2017-C4,3,Godfrey Hotel,,,,,
CCMT 2017-C4,31,Mills Pointe Shopping Center,,,,,
CCMT 2017-C4,38,Phoenix Business Park,,,,,
CCMT 2017-C4,47,Quail Acres,,,,,
CCMT 2017-C4,50,8212 Liberty Road,,,,,
CCMT 2017-C4,52,Harbor Storage Vero Beach,,,,,
CCMT 2017-P7,10,229 WEST 43RD STREET RETAIL CONDO,,,,,
CCMT 2017-P7,12,GREENWICH OFFICE PARK,,,,,
CCMT 2017-P7,16,GOODLETT FARMS BUSINESS CAMPUS,,,,,
CCMT 2017-P7,19,URBAN UNION - AMAZON,,,,,
CCMT 2017-P7,21,QLIC,,,,,
CCMT 2017-P7,24,DEKALB TECH CENTER,,,,,
CCMT 2017-P7,27,NOVO NORDISK,,,,,
CCMT 2017-P7,38,WEST LAFAYETTE FOUR POINTS,,,,,
CCMT 2017-P7,43,COMFORT INN BIRCH RUN,,,,,
CCMT 2017-P7,45,BEST WESTERN VERMONT,,,,,
CCMT 2017-P8,30,215 & TOWN CENTER,,,,,
CCMT 2017-P8,48,MOUNTAIN CACTUS RANCH,,,,,
CCMT 2018-B2,27,Courtyard By Marriott Reno,,,,,
CCMT 2018-B2,28,5000 South Hulen,,,,,
CCMT 2018-B2,43,Norwalk Village,,,,,
CCMT 2018-B2,51,Sherman Plaza,,,,,
CCMT 2018-B2,7,The Town Center At Levis Commons,,,,,
CCMT 2018-C5,3,Flats at East Bank,,,,,
CCMT 2018-C5,39,Imacs Office Center,,,,,
CCMT 2018-C6,31,2 EXECUTIVE CAMPUS,,,,,
CCMT 2019-C7,16,BRAZILIAN COURT,,,,,
CCMT 2019-C7,29,QUAIL MEADOWS,,,,,
CCMT 2019-C7,39,TOWNEPLACE SUITES WESTON,,,,,
CCMT 2019-C7,52,BIRDNECK SELF STORAGE,,,,,
CCMT 2019-GC41,11,Summit Technology Center,,,,,
CCMT 2019-GC41,27,The Centre,,,,,
CCMT 2019-GC41,32,Home2 Suites Florence Cincinnati Airport South,,,,,
CCMT 2019-GC41,38,Powell Court Apartments,,,,,
CCMT 2019-GC43,10,THE PROMENADE AT SACRAMENTO,,,,,
CCMT 2019-GC43,13,222 KEARNY STREET,,,,,
CCMT 2019-GC43,29,SMITH STORE IT - COUNTY ROAD,,,,,
CCMT 2019-GC43,29,SMITH STORE IT - HIGHWAY 72,,,,,
CCMT 2020-GC46,5,Courtyard Larkspur Landing Marin County,,,,,
CCUBSCM 2017-C1,14,Marriot Grand Cayman,,,,,
CCUBSCM 2017-C1,16,Snowmass Village,,,,,
CCUBSCM 2017-C1,18,Rising Sun Towne Center,,,,,
CCUBSCM 2017-C1,19,Cress Creek Square,,,,,
CCUBSCM 2017-C1,23,130 Bowery,,,,,
CCUBSCM 2017-C1,27,Walgreens Santee,,,,,
CCUBSCM 2017-C1,8,10 Java Street,,,,,
CCUBSCM 2017-C1,9,Yorkshire Tower,,,,,
CD 2017-CD3,1,229 West 43rd Street Retail Condominium,,,,,
CD 2017-CD3,18,166 Geary Street,,,,,
CD 2017-CD3,24,Plaza at the Pointe,,,,,
CD 2017-CD3,29,Safe Storage,,,,,
CD 2017-CD3,37,Kingsville Pointe Apartments,,,,,
CD 2017-CD3,9,State Farm Data Center,,,,,
CD 2017-CD4,1,95 Morton Street,,,,,
CD 2017-CD4,18,Alvogen Pharma Us,,,,,
CD 2017-CD4,42,Champion Forest Self Storage,,,,,
CD 2017-CD4,9,Marriott Spartanburg,,,,,
CD 2017-CD5,18,BROOKRIVER EXECUTIVE CENTER,,,,,
CD 2017-CD5,3,RESIDENCE INN ATLANTIC CITY EGG HARBOR TOWNSHIP,,,,,
CD 2017-CD5,3,RESIDENCE INN BALTIMORE WHITE MARSH,,,,,
CD 2017-CD5,3,HAMPTON INN SUITES ARUNDEL BWI AIRPORT,,,,,
CD 2017-CD5,3,RESIDENCE INN NEPTUNE AT GATEWAY CENTRE,,,,,
CD 2017-CD6,20,HAMPTON INN MAJESTIC CHICAGO,,,,,
CD 2017-CD6,22,3600 MASSIE,,,,,
CD 2017-CD6,3,CENTRAL PARK,,,,,
CD 2017-CD6,3,MEDIA STUDIOS,,,,,
CD 2017-CD6,3,THE POINTE,,,,,
CD 2017-CD6,3,3800 ALAMEDA,,,,,
CD 2017-CD6,41,HAMPTON INN HILTON HEAD,,,,,
CD 2017-CD6,45,HOLIDAY INN & SUITES ALBUQUERQUE AIRPORT,,,,,
CD 2017-CD6,5,EAST BIG BEAVER ROAD OFFICE,,,,,
CD 2017-CD6,5,LIVERNOIS ROAD OFFICE,,,,,
CD 2017-CD6,58,WEST BURLINGTON PLAZA,,,,,
CD 2017-CD6,9,HOTEL MELA TIMES SQUARE,,,,,
CD 2019-CD8,24,Bountiful Plaza,,,,,
CF 2019-CF2,1,Quest Diagnostics  Inc.,,,,,
CF 2019-CF3,37,30610 E Broadway,,,,,
CF 2019-CF3,47,Market Villas,,,,,
CF 2019-CF3,9,180 Water Street,,,,,
CFCRE 2016-C7,19,Kirlin Industries,,,,,
CFCRE 2016-C7,21,Duravant FMH Conveyors,,,,,
CFCRE 2016-C7,22,Trailing Items,,,,,
CFCRE 2016-C7,24,Shopko Neenah,,,,,
CFCRE 2016-C7,27,Shopko Winona,,,,,
CFCRE 2016-C7,33,The Orchards Shopping Center,,,,,
CFCRE 2016-C7,37,Show Low Retail,,,,,
CFCRE 2017-C8,11,GRAND RAPIDS RETAIL,,,,,
CFCRE 2017-C8,11,MATTRESS DISTRIBUTION CENTER,,,,,
CFCRE 2017-C8,11,BLOOMFIELD HILLS RETAIL,,,,,
CFCRE 2017-C8,11,COMSTOCK PARK RETAIL,,,,,
CFCRE 2017-C8,11,WARREN DISTRIBUTION CENTER,,,,,
CFCRE 2017-C8,13,340 BRYANT,,,,,
CFCRE 2017-C8,15,COURTYARD MARRIOTT SHADYSIDE,,,,,
CFCRE 2017-C8,31,RITE AID WEST ROBB,,,,,
CFCRE 2017-C8,31,RITE AID 506 WEST MARKET,,,,,
CFCRE 2017-C8,32,AAAABCO MINI STORAGE,,,,,
CFCRE 2017-C8,34,ORCHID CENTRE,,,,,
CFCRE 2017-C8,43,BENT TREE APARTMENTS,,,,,
COMM 2017-COR2,8,Luxe Rodeo Drive Hotel,,,,,
COMM 2019-GC44,11,Legends at Village West,,,,,
COMM 2019-GC44,2,180 Water Street,,,,,
CSAIL 2017-C8,17,HILTON GARDEN INN - FORT WASHINGTON,,,,,
CSAIL 2017-C8,29,LA QUINTA INNS & SUITES TAMPA,,,,,
CSAIL 2017-C8,3,APPLE SUNNYVALE,,,,,
CSAIL 2017-C8,4,RITZ CARLTON RANCHO MIRAGE,,,,,
CSAIL 2017-C8,6,URBAN UNION AMAZON,,,,,
CSAIL 2018-C14,1,636 PIERCE STREET,,,,,
CSAIL 2018-C14,1,444 TOYAMA DRIVE,,,,,
CSAIL 2018-C14,1,4700 OLD IRONSIDES DRIVE,,,,,
CSAIL 2018-C14,1,7505 MASON KING COURT,,,,,
CSAIL 2018-C14,1,14901 FAA BOULEVARD,,,,,
CSAIL 2018-C14,1,4650 OLD IRONSIDES DRIVE,,,,,
CSAIL 2018-C14,1,43790 DEVIN SHAFRON DRIVE,,,,,
CSAIL 2018-C14,1,21551 BEAUMEADE CIRCLE,,,,,
CSAIL 2018-C14,16,DAYS INN & SUITES KANAB,,,,,
CSAIL 2018-C14,16,RODEWAY INN & SUITES,,,,,
CSAIL 2018-C14,16,DAYS INN MOAB,,,,,
CSAIL 2018-C14,16,PIONEER LODGE,,,,,
CSAIL 2018-C14,38,COUNTRY INN & SUITES JACKSONVILLE,,,,,
CSAIL 2018-CX11,11,Northrop Grumman Data Center-Chester,,,,,
CSAIL 2018-CX11,13,6-8 West 28Th Street,,,,,
CSAIL 2018-CX11,15,Yorkshire Tower,,,,,
CSAIL 2018-CX11,22,Port Place Shoppes,,,,,
CSAIL 2018-CX11,40,Sirtaj Hotel,,,,,
CSAIL 2018-CX11,44,South Gate Apartments,,,,,
CSAIL 2018-CX11,48,Best Western Plus Liberty Lake Inn,,,,,
CSAIL 2018-CX11,51,East Coast Apartments,,,,,
CSAIL 2018-CX11,55,Circle Apartments,,,,,
CSAIL 2018-CX11,7,Soho House,,,,,
CSAIL 2018-CX12,11,442-444 PIERCE STREET,,,,,
CSAIL 2018-CX12,11,510 EAST 5TH STREET,,,,,
CSAIL 2018-CX12,11,515 EAST 5TH STREET,,,,,
CSAIL 2018-CX12,11,517 EAST 5TH STREET,,,,,
CSAIL 2018-CX12,11,519 EAST 5TH STREET,,,,,
CSAIL 2018-CX12,11,521 EAST 5TH STREET,,,,,
CSAIL 2018-CX12,11,523 EAST 5TH STREET,,,,,
CSAIL 2018-CX12,11,518 POLK STREET,,,,,
CSAIL 2018-CX12,11,511 FILLMORE STREET,,,,,
CSAIL 2018-CX12,11,523 FILLMORE STREET,,,,,
CSAIL 2018-CX12,11,548 HILLSIDE AVENUE,,,,,
CSAIL 2018-CX12,11,552 HILLSIDE AVENUE,,,,,
CSAIL 2018-CX12,11,554 HILLSIDE AVENUE,,,,,
CSAIL 2018-CX12,11,556 HILLSIDE AVENUE,,,,,
CSAIL 2018-CX12,11,556.5 HILLSIDE AVENUE,,,,,
CSAIL 2018-CX12,11,557-559 HILLSIDE AVENUE,,,,,
CSAIL 2018-CX12,11,558 HILLSIDE AVENUE,,,,,
CSAIL 2018-CX12,11,561 HILLSIDE AVENUE,,,,,
CSAIL 2018-CX12,11,564 HILLSIDE AVENUE,,,,,
CSAIL 2018-CX12,11,566 HILLSIDE AVENUE,,,,,
CSAIL 2018-CX12,11,618 HILLSIDE AVENUE,,,,,
CSAIL 2018-CX12,11,619 HILLSIDE AVENUE,,,,,
CSAIL 2018-CX12,11,625 HILLSIDE AVENUE,,,,,
CSAIL 2018-CX12,11,506-512 THOMAS STREET,,,,,
CSAIL 2018-CX12,11,519 THOMAS STREET,,,,,
CSAIL 2018-CX12,11,532 THOMAS STREET,,,,,
CSAIL 2018-CX12,11,622 PIERCE STREET,,,,,
CSAIL 2018-CX12,11,624 PIERCE STREET,,,,,
CSAIL 2018-CX12,11,632 PIERCE STREET,,,,,
CSAIL 2018-CX12,11,631 PARKHILL STREET,,,,,
CSAIL 2018-CX12,11,302 SUMMIT STREET,,,,,
CSAIL 2018-CX12,11,306 SUMMIT STREET,,,,,
CSAIL 2018-CX12,11,308 SUMMIT STREET,,,,,
CSAIL 2018-CX12,11,214 WARREN SQUARE,,,,,
CSAIL 2018-CX12,11,424 BIRKEL AVENUE,,,,,
CSAIL 2018-CX12,11,426 BIRKEL AVENUE,,,,,
CSAIL 2018-CX12,11,428 BIRKEL AVENUE,,,,,
CSAIL 2018-CX12,11,438 BIRKEL AVENUE,,,,,
CSAIL 2018-CX12,11,440 BIRKEL AVENUE,,,,,
CSAIL 2018-CX12,11,462 BIRKEL AVENUE,,,,,
CSAIL 2018-CX12,11,109 EAST MORTON STREET,,,,,
CSAIL 2018-CX12,11,410 SOUTH NEW STREET,,,,,
CSAIL 2018-CX12,11,412 SOUTH NEW STREET,,,,,
CSAIL 2018-CX12,11,414 SOUTH NEW STREET,,,,,
CSAIL 2018-CX12,11,416 SOUTH NEW STREET,,,,,
CSAIL 2018-CX12,11,418 SOUTH NEW STREET,,,,,
CSAIL 2018-CX12,11,420 SOUTH NEW STREET,,,,,
CSAIL 2018-CX12,11,6 WEST 4TH STREET A1,,,,,
CSAIL 2018-CX12,11,6 WEST 4TH STREET A2,,,,,
CSAIL 2018-CX12,11,6 WEST 4TH STREET A3,,,,,
CSAIL 2018-CX12,11,6 WEST 4TH STREET A6,,,,,
CSAIL 2018-CX12,11,6 WEST 4TH STREET A7,,,,,
CSAIL 2018-CX12,11,6 WEST 4TH STREET A8,,,,,
CSAIL 2018-CX12,11,102 EAST 4TH STREET,,,,,
CSAIL 2018-CX12,11,328 ADAMS STREET,,,,,
CSAIL 2018-CX12,11,233 FIFTH STREET,,,,,
CSAIL 2018-CX12,11,429 WEBSTER STREET,,,,,
CSAIL 2018-CX12,11,443 WEBSTER STREET,,,,,
CSAIL 2018-CX12,11,451 WEBSTER STREET,,,,,
CSAIL 2018-CX12,11,220 EAST 5TH STREET,,,,,
CSAIL 2018-CX12,11,223 EAST 5TH STREET,,,,,
CSAIL 2018-CX12,11,226 EAST 5TH STREET,,,,,
CSAIL 2018-CX12,11,227 EAST 5TH STREET,,,,,
CSAIL 2018-CX12,11,229 EAST 5TH STREET,,,,,
CSAIL 2018-CX12,11,231 EAST 5TH STREET,,,,,
CSAIL 2018-CX12,11,305 EAST 5TH STREET,,,,,
CSAIL 2018-CX12,11,307 EAST 5TH STREET,,,,,
CSAIL 2018-CX12,11,308 EAST 5TH STREET,,,,,
CSAIL 2018-CX12,11,309 EAST 5TH STREET,,,,,
CSAIL 2018-CX12,11,312 EAST 5TH STREET,,,,,
CSAIL 2018-CX12,11,315 EAST 5TH STREET,,,,,
CSAIL 2018-CX12,11,325 EAST 5TH STREET,,,,,
CSAIL 2018-CX12,11,421 EAST 5TH STREET,,,,,
CSAIL 2018-CX12,14,COURTYARD GALVESTON,,,,,
CSAIL 2018-CX12,14,TOWNEPLACE SUITES GALVESTON,,,,,
CSAIL 2018-CX12,18,HAMPTON INN & SUITES BURLINGTON,,,,,
CSAIL 2018-CX12,32,TORRANCE TECHNOLOGY CAMPUS,,,,,
CSAIL 2018-CX12,36,RED ROOF PLUS+ POUGHKEEPSIE,,,,,
CSAIL 2019-C15,26,14901 FAA Boulevard,,,,,
CSAIL 2019-C15,3,Ahwatukee Foothills Towne Center,,,,,
CSAIL 2019-C16,34,Vasa Fitness Denver,,,,,
CSAIL 2019-C17,17,Spring Creek Centre,,,,,
CSAIL 2019-C17,24,Atrium,,,,,
CSAIL 2019-C17,26,Mariner Square,,,,,
CSAIL 2019-C18,2,Palm Beach Estates,,,,,
CSAIL 2019-C18,35,Bassett Furniture - King of Prussia,,,,,
CSAIL 2019-C18,38,Del Mar Terrace Apartments,,,,,
CSAIL 2021-C20,19,Royal Pines,,,,,
CSMC 2016-NXSR,1,NOVO NORDISK,,,,,
CSMC 2016-NXSR,10,GREENWICH OFFICE PARK,,,,,
CSMC 2016-NXSR,27,WINDMILL LAKES CENTER,,,,,
CSMC 2016-NXSR,4,QLIC,,,,,
CSMC 2016-NXSR,8,"WALGREENS - MERRILL, WI",,,,,
CSMC 2016-NXSR,8,"WALGREENS - BEAVER DAM, WI",,,,,
CSMC 2016-NXSR,8,"WALGREENS - JANESVILLE, WI",,,,,
CSMC 2016-NXSR,8,"WALGREENS - CHEYENNE, WY",,,,,
CSMC 2016-NXSR,8,"WALGREENS - TEMPE, AZ",,,,,
CSMC 2016-NXSR,8,"WALGREENS - STEVENS POINT, WI",,,,,
CSMC 2016-NXSR,8,"WALGREENS - ELKHORN, WI",,,,,
CSMC 2016-NXSR,8,"WALGREENS - SHEBOYGAN, WI",,,,,
DBGS 2018-C1,29,HOUMA SHOPPING CENTER,,,,,
DBGS 2018-C1,32,GSK NORTH AMERICAN HQ,,,,,
DBGS 2018-C1,8,3301 MONROE ROAD,,,,,
DBGS 2018-C1,8,5200 PIPER STATION DRIVE,,,,,
DBGS 2018-C1,8,9502 MOUNT HOLLY HUNTERSVILLE ROAD,,,,,
DBGS 2018-C1,8,8315 STEELE CREEK ROAD,,,,,
DBGS 2018-C1,8,4401 PARK ROAD,,,,,
DBGS 2018-C1,8,240 CAROWINDS BOULEVARD,,,,,
DBGS 2018-C1,8,9701 SAM FURR ROAD,,,,,
DBGS 2018-C1,8,8010 SOUTH TRYON STREET,,,,,
DBGS 2018-C1,8,10806 PROVIDENCE ROAD,,,,,
DBGS 2018-C1,8,9608 UNIVERSITY CITY BOULEVARD,,,,,
DBGS 2018-C1,8,1120 WEST SUGAR CREEK ROAD,,,,,
DBGS 2018-C1,8,2825 LITTLE ROCK ROAD,,,,,
DBGS 2018-C1,8,12710 SOUTH TRYON STREET,,,,,
DBGS 2018-C1,8,10023 NORTH TRYON STREET,,,,,
DBGS 2018-C1,8,3800 CENTRAL AVENUE,,,,,
DBGS 2018-C1,8,1901 PAVILION BOULEVARD,,,,,
DBGS 2018-C1,8,5701 OLD PROVIDENCE ROAD,,,,,
DBGS 2018-C1,8,7740 BRUTON SMITH BOULEVARD,,,,,
DBGS 2018-C1,8,5455 BROOKSHIRE BOULEVARD,,,,,
DBGS 2018-C1,8,11208 EAST INDEPENDENCE BOULEVARD,,,,,
DBGS 2018-C1,8,9025 MALLARD CREEK ROAD,,,,,
DBGS 2018-C1,8,10700 REAMES ROAD,,,,,
DBGS 2018-C1,8,5115 OLD DOWD ROAD,,,,,
DBGS 2018-C1,8,304 UNIONVILLE-INDIAN TRAIL ROAD WEST,,,,,
DBGS 2018-C1,8,8925 NATIONS FORD ROAD,,,,,
DBGS 2018-C1,8,4808 BROOKSHIRE BOULEVARD,,,,,
DBGS 2018-C1,8,1700 WINDSOR SQUARE DRIVE,,,,,
DBGS 2018-C1,8,2840 EASTWAY DRIVE,,,,,
DBGS 2018-C1,8,105 SOUTH POLK STREET,,,,,
DBGS 2018-C1,8,6886 POPLAR TENT ROAD,,,,,
DBGS 2018-C1,8,5124 CENTRAL AVENUE,,,,,
DBGS 2018-C1,8,6401 OLD STATESVILLE ROAD,,,,,
DBGS 2018-C1,8,6233 ALBEMARLE ROAD,,,,,
DBJPM 2017-C6,10,Lucky Store #755,,,,,
DBJPM 2017-C6,16,Faudree Ranch Apartments,,,,,
DBJPM 2017-C6,17,LC Hamburg Farms,,,,,
DBJPM 2017-C6,19,City Crossing,,,,,
DBJPM 2017-C6,2,BAE Facility,,,,,
DBJPM 2017-C6,22,University Shopping Center,,,,,
DBJPM 2017-C6,25,Cincinnatti Eastgate Holiday Inn,,,,,
DBJPM 2017-C6,26,2121 Ella Blvd.,,,,,
DBJPM 2017-C6,30,Springhill Suites Wilmington Mayfaire,,,,,
DBJPM 2017-C6,31,Long Meadow Farms,,,,,
DBJPM 2017-C6,34,Union Hotel - Brooklyn,,,,,
DBJPM 2017-C6,37,Royal Palm Square,,,,,
DBJPM 2017-C6,41,2800 Sprouse Drive,,,,,
DBJPM 2017-C6,8,Wilmont,,,,,
DBJPM 2020-C9,1,Sarasota Distribution Hub,,,,,
DBJPM 2020-C9,6,Chase Center Tower 1,,,,,
DBJPM 2020-C9,7,Chase Center Tower II,,,,,
FIVE 2023-V1,2,405 Colorado,,,,,
FIVE 2023-V1,3,3PL Distribution Center,,,,,
GSMS 2017-GS5,14,AMA Plaza,,,,,
GSMS 2017-GS5,23,Home2 Suites Tuscaloosa,,,,,
GSMS 2017-GS5,24,Rainbow & Badura,,,,,
GSMS 2017-GS6,30,Metro Self Storage - Limerick,,,,,
GSMS 2017-GS6,32,Best Buy Danvers,,,,,
GSMS 2017-GS6,33,1076 Pittsburgh Drive,,,,,
GSMS 2017-GS7,12,MARRIOTT GRAND CAYMAN,,,,,
GSMS 2017-GS7,24,GREENVILLE AVENUE,,,,,
GSMS 2017-GS7,30,ERINDALE SQUARE,,,,,
GSMS 2017-GS8,5,RESIDENCE INN KANSAS CITY OLATHE,,,,,
GSMS 2017-GS8,5,RESIDENCE INN MONROE,,,,,
GSMS 2017-GS8,5,RESIDENCE INN SAN ANTONIO NORTH STONE OAK,,,,,
GSMS 2017-GS8,5,AMARILLO RESIDENCE INN,,,,,
GSMS 2017-GS8,5,TOWNEPLACE SUITES SCRANTON,,,,,
GSMS 2017-GS8,5,SPRINGHILL SUITES WATERFORD,,,,,
GSMS 2017-GS8,5,MADISON RESIDENCE INN,,,,,
GSMS 2017-GS8,5,"PEORIA, IL RESIDENCE INN",,,,,
GSMS 2017-GS8,5,LAFAYETTE FAIRFIELD INN & SUITES,,,,,
GSMS 2017-GS8,5,EDEN PRAIRIE FAIRFIELD INN & SUITES,,,,,
GSMS 2017-GS8,5,TINLEY PARK FAIRFIELD INN & SUITES,,,,,
GSMS 2017-GS8,5,ST. JOSEPH HAMPTON INN,,,,,
GSMS 2017-GS8,5,BURNSVILLE HAMPTON INN,,,,,
GSMS 2017-GS8,5,"PEORIA, IL COURTYARD",,,,,
GSMS 2017-GS8,5,CHAMPAIGN COURTYARD,,,,,
GSMS 2017-GS8,5,SPRINGFIELD COURTYARD,,,,,
GSMS 2017-GS8,5,AKRON COURTYARD,,,,,
GSMS 2017-GS8,5,EL PASO HOLIDAY INN EXPRESS & SUITES,,,,,
GSMS 2017-GS8,5,MEMPHIS SPRINGHILL SUITES,,,,,
GSMS 2017-GS8,5,TINLEY PARK HAMPTON INN,,,,,
GSMS 2017-GS8,5,PHOENIX TOWNEPLACE SUITES,,,,,
GSMS 2017-GS8,5,WOODBURY HAMPTON INN,,,,,
GSMS 2017-GS8,5,COLORADO SPRINGS FAIRFIELD INN,,,,,
GSMS 2017-GS8,5,WICHITA FALLS HAMPTON INN,,,,,
GSMS 2017-GS8,5,ZANESVILLE HAMPTON INN,,,,,
GSMS 2017-GS8,5,HOLLAND FAIRFIELD INN & SUITES,,,,,
GSMS 2017-GS8,5,LUBBOCK HAMPTON INN,,,,,
GSMS 2017-GS8,5,PHOENIX SPRINGHILL SUITES,,,,,
GSMS 2017-GS8,5,LEWISVILLE RESIDENCE INN,,,,,
GSMS 2017-GS8,5,BATTLE CREEK HAMPTON INN,,,,,
GSMS 2017-GS8,5,COURTYARD SCRANTON,,,,,
GSMS 2017-GS8,5,SPRINGFIELD FAIRFIELD INN & SUITES,,,,,
GSMS 2017-GS8,5,BRANSON FAIRFIELD INN & SUITES,,,,,
GSMS 2017-GS8,5,TOLEDO FAIRFIELD INN & SUITES,,,,,
GSMS 2017-GS8,5,CORPUS CHRISTI RESIDENCE INN,,,,,
GSMS 2017-GS8,5,COLUMBUS HOMEWOOD SUITES,,,,,
GSMS 2017-GS8,5,HOUSTON BROOKHOLLOW SPRINGHILL SUITES,,,,,
GSMS 2017-GS8,5,RESIDENCE INN FORT SMITH,,,,,
GSMS 2017-GS8,5,JOLIET FAIRFIELD INN & SUITES NORTH,,,,,
GSMS 2017-GS8,5,PLANO FAIRFIELD INN & SUITES,,,,,
GSMS 2017-GS8,5,TOPEKA RESIDENCE INN,,,,,
GSMS 2017-GS8,5,BEDFORD TOWNEPLACE SUITES,,,,,
GSMS 2017-GS8,5,WICHITA HAMPTON INN,,,,,
GSMS 2017-GS8,5,HOLIDAY INN EXPRESS MALVERN,,,,,
GSMS 2017-GS8,5,GREELEY FAIRFIELD INN & SUITES,,,,,
GSMS 2017-GS8,5,AMARILLO FAIRFIELD INN & SUITES,,,,,
GSMS 2017-GS8,5,DALLAS HOMEWOOD SUITES,,,,,
GSMS 2017-GS8,5,OSHKOSH FAIRFIELD INN & SUITES,,,,,
GSMS 2017-GS8,5,BURNSVILLE FAIRFIELD INN & SUITES,,,,,
GSMS 2017-GS8,5,WILLOWBROOK HOMEWOOD SUITES,,,,,
GSMS 2017-GS8,5,MEMPHIS FAIRFIELD INN & SUITES,,,,,
GSMS 2017-GS8,5,MANSFIELD HAMPTON INN,,,,,
GSMS 2017-GS8,5,LUBBOCK FAIRFIELD INN & SUITES,,,,,
GSMS 2017-GS8,5,MISHAWAKA FAIRFIELD INN & SUITES,,,,,
GSMS 2017-GS8,5,ABILENE HAMPTON INN,,,,,
GSMS 2017-GS8,5,AKRON HAMPTON INN,,,,,
GSMS 2017-GS8,5,FORT WORTH HAMPTON INN,,,,,
GSMS 2017-GS8,5,BLOOMINGTON COURTYARD,,,,,
GSMS 2017-GS8,5,FARGO COMFORT SUITES,,,,,
GSMS 2017-GS8,5,FINDLAY FAIRFIELD INN & SUITES,,,,,
GSMS 2017-GS8,5,STEVENS POINT FAIRFIELD INN & SUITES,,,,,
GSMS 2017-GS8,5,QUINCY FAIRFIELD INN & SUITES,,,,,
GSMS 2017-GS8,5,FINDLAY HAMPTON INN,,,,,
GSMS 2017-GS8,5,FORSYTH FAIRFIELD INN,,,,,
GSMS 2017-GS8,5,MUNCIE FAIRFIELD INN,,,,,
GSMS 2017-GS8,5,BISMARCK SOUTH FAIRFIELD INN & SUITES,,,,,
GSMS 2017-GS8,5,LEES SUMMIT FAIRFIELD INN & SUITES,,,,,
GSMS 2017-GS8,5,NORMAN FAIRFIELD INN & SUITES,,,,,
GSMS 2017-GS8,5,DALLAS I-635 FAIRFIELD INN & SUITES (PARK CENTRAL),,,,,
GSMS 2017-GS8,5,COUNCIL BLUFFS FAIRFIELD INN & SUITES,,,,,
GSMS 2017-GS8,5,TERRE HAUTE FAIRFIELD INN & SUITES,,,,,
GSMS 2017-GS8,5,CHAMPAIGN FAIRFIELD INN & SUITES,,,,,
GSMS 2017-GS8,5,HOUSTON BROOKHOLLOW TOWNEPLACE SUITES,,,,,
GSMS 2017-GS8,5,CORPUS CHRISTI FAIRFIELD INN & SUITES,,,,,
GSMS 2017-GS8,5,FARGO FAIRFIELD INN & SUITES,,,,,
GSMS 2017-GS8,5,GALESBURG FAIRFIELD INN & SUITES,,,,,
GSMS 2017-GS8,5,ABILENE FAIRFIELD INN & SUITES,,,,,
GSMS 2017-GS8,5,BILLINGS FAIRFIELD INN & SUITES,,,,,
GSMS 2017-GS8,5,PERU FAIRFIELD INN & SUITES,,,,,
GSMS 2017-GS8,5,MESQUITE FAIRFIELD INN & SUITES,,,,,
GSMS 2017-GS8,5,SAN ANGELO HAMPTON INN,,,,,
GSMS 2017-GS8,5,BISMARCK NORTH FAIRFIELD INN & SUITES,,,,,
GSMS 2017-GS8,5,WILLOWBROOK HAMPTON INN,,,,,
GSMS 2017-GS8,5,TOLEDO COUNTRY INN & SUITES,,,,,
GSMS 2017-GS8,5,DUBUQUE FAIRFIELD INN,,,,,
GSMS 2017-GS8,5,KANKAKEE FAIRFIELD INN,,,,,
GSMS 2017-GS8,5,CANTON FAIRFIELD INN & SUITES,,,,,
GSMS 2017-GS8,5,WESTCHASE FAIRFIELD INN & SUITES,,,,,
GSMS 2017-GS8,5,LIMA FAIRFIELD INN,,,,,
GSMS 2017-GS8,5,OWATONNA COUNTRY INN & SUITES,,,,,
GSMS 2017-GS8,5,SAGINAW FAIRFIELD INN,,,,,
GSMS 2017-GS8,5,YOUNGSTOWN HAMPTON INN,,,,,
GSMS 2017-GS8,5,LONGVIEW FAIRFIELD INN & SUITES,,,,,
GSMS 2017-GS8,5,MIDDLETOWN FAIRFIELD INN,,,,,
GSMS 2017-GS8,5,MISHAWAKA BEST WESTERN PLUS,,,,,
GSMS 2017-GS8,5,TYLER FAIRFIELD INN & SUITES,,,,,
GSMS 2017-GS8,5,STAFFORD HAMPTON INN,,,,,
GSMS 2017-GS8,5,LINCOLN FAIRFIELD INN & SUITES,,,,,
GSMS 2017-GS8,5,SAGINAW COMFORT SUITES,,,,,
GSMS 2017-GS8,5,HUMBLE FAIRFIELD INN & SUITES,,,,,
GSMS 2017-GS8,5,CORPUS CHRISTI COUNTRY INN & SUITES,,,,,
GSMS 2017-GS8,5,YOUNGSTOWN FAIRFIELD INN & SUITES,,,,,
GSMS 2017-GS8,5,STILLWATER FAIRFIELD INN & SUITES,,,,,
GSMS 2017-GS8,5,QUAIL SPRINGS FAIRFIELD INN & SUITES,,,,,
GSMS 2017-GS8,5,TEMPLE FAIRFIELD INN & SUITES,,,,,
GSMS 2017-GS8,5,TOPEKA FAIRFIELD INN,,,,,
GSMS 2017-GS8,5,LINCOLN COMFORT SUITES,,,,,
GSMS 2017-GS8,5,WICHITA COMFORT INN,,,,,
GSMS 2017-GS8,5,BLOOMINGTON COMFORT SUITES,,,,,
GSMS 2017-GS8,5,GRAND FORKS FAIRFIELD INN,,,,,
GSMS 2017-GS8,5,WACO FAIRFIELD INN & SUITES,,,,,
GSMS 2017-GS8,5,HILTON GARDEN INN GLASTONBURY,,,,,
GSMS 2017-GS8,5,SHERATON HOTEL WOODBURY,,,,,
GSMS 2017-GS8,5,DOUBLETREE HOLLAND,,,,,
GSMS 2017-GS8,5,LEXINGTON RESIDENCE INN,,,,,
GSMS 2017-GS8,5,RESIDENCE INN MYSTIC GROTON,,,,,
GSMS 2017-GS8,5,LEXINGTON COURTYARD,,,,,
GSMS 2017-GS8,5,RESIDENCE INN BATON ROUGE,,,,,
GSMS 2017-GS8,5,TOWNEPLACE SUITES BOISE DOWNTOWN,,,,,
GSMS 2017-GS8,5,SAN BERNARDINO HAMPTON INN & SUITES,,,,,
GSMS 2017-GS8,5,FAIRFIELD INN AND SUITES RENO SPARKS,,,,,
GSMS 2017-GS8,5,KALAMAZOO-PORTAGE COURTYARD,,,,,
GSMS 2017-GS8,5,BISMARCK RESIDENCE INN,,,,,
GSMS 2017-GS8,5,RESIDENCE INN SOUTHINGTON,,,,,
GSMS 2017-GS8,5,BLOOMINGTON FAIRFIELD INN & SUITES,,,,,
GSMS 2017-GS8,5,MONTGOMERYVILLE STAYBRIDGE SUITES,,,,,
GSMS 2017-GS8,5,TOWNEPLACE SUITES POCATELLO,,,,,
GSMS 2017-GS8,5,ROCKFORD RESIDENCE INN,,,,,
GSMS 2017-GS8,5,RESIDENCE INN DANBURY,,,,,
GSMS 2017-GS8,5,WESTMINSTER HAMPTON INN,,,,,
GSMS 2017-GS8,5,APPLETON RESIDENCE INN,,,,,
GSMS 2017-GS8,5,QUANTICO COURTYARD,,,,,
GSMS 2017-GS8,5,EL PASO STAYBRIDGE SUITES,,,,,
GSMS 2017-GS8,5,FARGO RESIDENCE INN,,,,,
GSMS 2017-GS8,5,LANGHORNE SPRINGHILL SUITES,,,,,
GSMS 2017-GS8,5,FAIRFIELD INN AND SUITES BETHLEHEM,,,,,
GSMS 2017-GS8,5,MENDOTA HEIGHTS FAIRFIELD INN & SUITES,,,,,
GSMS 2017-GS8,5,RESIDENCE INN ALBUQUERQUE,,,,,
GSMS 2018-GS10,1,GSK NORTH AMERICAN HQ,,,,,
GSMS 2018-GS9,14,LEXINGTON RESIDENCE INN,,,,,
GSMS 2018-GS9,14,GRAND FORKS FAIRFIELD INN,,,,,
GSMS 2018-GS9,14,BLOOMINGTON COMFORT SUITES,,,,,
GSMS 2018-GS9,14,WICHITA COMFORT INN,,,,,
GSMS 2018-GS9,14,LINCOLN COMFORT SUITES,,,,,
GSMS 2018-GS9,14,TOPEKA FAIRFIELD INN,,,,,
GSMS 2018-GS9,14,TEMPLE FAIRFIELD INN & SUITES,,,,,
GSMS 2018-GS9,14,QUAIL SPRINGS FAIRFIELD INN & SUITES,,,,,
GSMS 2018-GS9,14,STILLWATER FAIRFIELD INN & SUITES,,,,,
GSMS 2018-GS9,14,YOUNGSTOWN FAIRFIELD INN & SUITES,,,,,
GSMS 2018-GS9,14,CORPUS CHRISTI COUNTRY INN & SUITES,,,,,
GSMS 2018-GS9,14,HUMBLE FAIRFIELD INN & SUITES,,,,,
GSMS 2018-GS9,14,SAGINAW COMFORT SUITES,,,,,
GSMS 2018-GS9,14,LINCOLN FAIRFIELD INN & SUITES,,,,,
GSMS 2018-GS9,14,STAFFORD HAMPTON INN,,,,,
GSMS 2018-GS9,14,TYLER FAIRFIELD INN & SUITES,,,,,
GSMS 2018-GS9,14,MISHAWAKA BEST WESTERN PLUS,,,,,
GSMS 2018-GS9,14,MIDDLETOWN FAIRFIELD INN,,,,,
GSMS 2018-GS9,14,LONGVIEW FAIRFIELD INN & SUITES,,,,,
GSMS 2018-GS9,14,YOUNGSTOWN HAMPTON INN,,,,,
GSMS 2018-GS9,14,SAGINAW FAIRFIELD INN,,,,,
GSMS 2018-GS9,14,OWATONNA COUNTRY INN & SUITES,,,,,
GSMS 2018-GS9,14,LIMA FAIRFIELD INN,,,,,
GSMS 2018-GS9,14,WESTCHASE FAIRFIELD INN & SUITES,,,,,
GSMS 2018-GS9,14,CANTON FAIRFIELD INN & SUITES,,,,,
GSMS 2018-GS9,14,KANKAKEE FAIRFIELD INN,,,,,
GSMS 2018-GS9,14,DUBUQUE FAIRFIELD INN,,,,,
GSMS 2018-GS9,14,TOLEDO COUNTRY INN & SUITES,,,,,
GSMS 2018-GS9,14,WILLOWBROOK HAMPTON INN,,,,,
GSMS 2018-GS9,14,BISMARCK NORTH FAIRFIELD INN & SUITES,,,,,
GSMS 2018-GS9,14,SAN ANGELO HAMPTON INN,,,,,
GSMS 2018-GS9,14,MESQUITE FAIRFIELD INN & SUITES,,,,,
GSMS 2018-GS9,14,PERU FAIRFIELD INN & SUITES,,,,,
GSMS 2018-GS9,14,BILLINGS FAIRFIELD INN & SUITES,,,,,
GSMS 2018-GS9,14,ABILENE FAIRFIELD INN & SUITES,,,,,
GSMS 2018-GS9,14,GALESBURG FAIRFIELD INN & SUITES,,,,,
GSMS 2018-GS9,14,FARGO FAIRFIELD INN & SUITES,,,,,
GSMS 2018-GS9,14,CORPUS CHRISTI FAIRFIELD INN & SUITES,,,,,
GSMS 2018-GS9,14,HOUSTON BROOKHOLLOW TOWNEPLACE SUITES,,,,,
GSMS 2018-GS9,14,CHAMPAIGN FAIRFIELD INN & SUITES,,,,,
GSMS 2018-GS9,14,WACO FAIRFIELD INN & SUITES,,,,,
GSMS 2018-GS9,14,TERRE HAUTE FAIRFIELD INN & SUITES,,,,,
GSMS 2018-GS9,14,COUNCIL BLUFFS FAIRFIELD INN & SUITES,,,,,
GSMS 2018-GS9,14,DALLAS I-635 FAIRFIELD INN & SUITES (PARK CENTRAL),,,,,
GSMS 2018-GS9,14,NORMAN FAIRFIELD INN & SUITES,,,,,
GSMS 2018-GS9,14,LEES SUMMIT FAIRFIELD INN & SUITES,,,,,
GSMS 2018-GS9,14,BISMARCK SOUTH FAIRFIELD INN & SUITES,,,,,
GSMS 2018-GS9,14,MUNCIE FAIRFIELD INN,,,,,
GSMS 2018-GS9,14,FORSYTH FAIRFIELD INN,,,,,
GSMS 2018-GS9,14,FINDLAY HAMPTON INN,,,,,
GSMS 2018-GS9,14,QUINCY FAIRFIELD INN & SUITES,,,,,
GSMS 2018-GS9,14,STEVENS POINT FAIRFIELD INN & SUITES,,,,,
GSMS 2018-GS9,14,FINDLAY FAIRFIELD INN & SUITES,,,,,
GSMS 2018-GS9,14,FARGO COMFORT SUITES,,,,,
GSMS 2018-GS9,14,BLOOMINGTON COURTYARD,,,,,
GSMS 2018-GS9,14,FORT WORTH HAMPTON INN,,,,,
GSMS 2018-GS9,14,AKRON HAMPTON INN,,,,,
GSMS 2018-GS9,14,ABILENE HAMPTON INN,,,,,
GSMS 2018-GS9,14,MISHAWAKA FAIRFIELD INN & SUITES,,,,,
GSMS 2018-GS9,14,LUBBOCK FAIRFIELD INN & SUITES,,,,,
GSMS 2018-GS9,14,MANSFIELD HAMPTON INN,,,,,
GSMS 2018-GS9,14,MEMPHIS FAIRFIELD INN & SUITES,,,,,
GSMS 2018-GS9,14,WILLOWBROOK HOMEWOOD SUITES,,,,,
GSMS 2018-GS9,14,BURNSVILLE FAIRFIELD INN & SUITES,,,,,
GSMS 2018-GS9,14,OSHKOSH FAIRFIELD INN & SUITES,,,,,
GSMS 2018-GS9,14,DALLAS HOMEWOOD SUITES,,,,,
GSMS 2018-GS9,14,AMARILLO FAIRFIELD INN & SUITES,,,,,
GSMS 2018-GS9,14,GREELEY FAIRFIELD INN & SUITES,,,,,
GSMS 2018-GS9,14,HOLIDAY INN EXPRESS MALVERN,,,,,
GSMS 2018-GS9,14,WICHITA HAMPTON INN,,,,,
GSMS 2018-GS9,14,BEDFORD TOWNEPLACE SUITES,,,,,
GSMS 2018-GS9,14,TOPEKA RESIDENCE INN,,,,,
GSMS 2018-GS9,14,PLANO FAIRFIELD INN & SUITES,,,,,
GSMS 2018-GS9,14,JOLIET FAIRFIELD INN & SUITES NORTH,,,,,
GSMS 2018-GS9,14,RESIDENCE INN FORT SMITH,,,,,
GSMS 2018-GS9,14,HOUSTON BROOKHOLLOW SPRINGHILL SUITES,,,,,
GSMS 2018-GS9,14,COLUMBUS HOMEWOOD SUITES,,,,,
GSMS 2018-GS9,14,CORPUS CHRISTI RESIDENCE INN,,,,,
GSMS 2018-GS9,14,TOLEDO FAIRFIELD INN & SUITES,,,,,
GSMS 2018-GS9,14,BRANSON FAIRFIELD INN & SUITES,,,,,
GSMS 2018-GS9,14,SPRINGFIELD FAIRFIELD INN & SUITES,,,,,
GSMS 2018-GS9,14,COURTYARD SCRANTON,,,,,
GSMS 2018-GS9,14,BATTLE CREEK HAMPTON INN,,,,,
GSMS 2018-GS9,14,LEWISVILLE RESIDENCE INN,,,,,
GSMS 2018-GS9,14,PHOENIX SPRINGHILL SUITES,,,,,
GSMS 2018-GS9,14,LUBBOCK HAMPTON INN,,,,,
GSMS 2018-GS9,14,HOLLAND FAIRFIELD INN & SUITES,,,,,
GSMS 2018-GS9,14,ZANESVILLE HAMPTON INN,,,,,
GSMS 2018-GS9,14,WICHITA FALLS HAMPTON INN,,,,,
GSMS 2018-GS9,14,COLORADO SPRINGS FAIRFIELD INN,,,,,
GSMS 2018-GS9,14,WOODBURY HAMPTON INN,,,,,
GSMS 2018-GS9,14,PHOENIX TOWNEPLACE SUITES,,,,,
GSMS 2018-GS9,14,TINLEY PARK HAMPTON INN,,,,,
GSMS 2018-GS9,14,MEMPHIS SPRINGHILL SUITES,,,,,
GSMS 2018-GS9,14,EL PASO HOLIDAY INN EXPRESS & SUITES,,,,,
GSMS 2018-GS9,14,AKRON COURTYARD,,,,,
GSMS 2018-GS9,14,SPRINGFIELD COURTYARD,,,,,
GSMS 2018-GS9,14,CHAMPAIGN COURTYARD,,,,,
GSMS 2018-GS9,14,"PEORIA, IL COURTYARD",,,,,
GSMS 2018-GS9,14,BURNSVILLE HAMPTON INN,,,,,
GSMS 2018-GS9,14,ST. JOSEPH HAMPTON INN,,,,,
GSMS 2018-GS9,14,TINLEY PARK FAIRFIELD INN & SUITES,,,,,
GSMS 2018-GS9,14,EDEN PRAIRIE FAIRFIELD INN & SUITES,,,,,
GSMS 2018-GS9,14,LAFAYETTE FAIRFIELD INN & SUITES,,,,,
GSMS 2018-GS9,14,"PEORIA, IL RESIDENCE INN",,,,,
GSMS 2018-GS9,14,MADISON RESIDENCE INN,,,,,
GSMS 2018-GS9,14,SPRINGHILL SUITES WATERFORD,,,,,
GSMS 2018-GS9,14,TOWNEPLACE SUITES SCRANTON,,,,,
GSMS 2018-GS9,14,AMARILLO RESIDENCE INN,,,,,
GSMS 2018-GS9,14,RESIDENCE INN SAN ANTONIO NORTH STONE OAK,,,,,
GSMS 2018-GS9,14,RESIDENCE INN MONROE,,,,,
GSMS 2018-GS9,14,RESIDENCE INN KANSAS CITY OLATHE,,,,,
GSMS 2018-GS9,14,RESIDENCE INN ALBUQUERQUE,,,,,
GSMS 2018-GS9,14,MENDOTA HEIGHTS FAIRFIELD INN & SUITES,,,,,
GSMS 2018-GS9,14,FAIRFIELD INN AND SUITES BETHLEHEM,,,,,
GSMS 2018-GS9,14,LANGHORNE SPRINGHILL SUITES,,,,,
GSMS 2018-GS9,14,FARGO RESIDENCE INN,,,,,
GSMS 2018-GS9,14,EL PASO STAYBRIDGE SUITES,,,,,
GSMS 2018-GS9,14,QUANTICO COURTYARD,,,,,
GSMS 2018-GS9,14,APPLETON RESIDENCE INN,,,,,
GSMS 2018-GS9,14,WESTMINSTER HAMPTON INN,,,,,
GSMS 2018-GS9,14,RESIDENCE INN DANBURY,,,,,
GSMS 2018-GS9,14,ROCKFORD RESIDENCE INN,,,,,
GSMS 2018-GS9,14,TOWNEPLACE SUITES POCATELLO,,,,,
GSMS 2018-GS9,14,MONTGOMERYVILLE STAYBRIDGE SUITES,,,,,
GSMS 2018-GS9,14,BLOOMINGTON FAIRFIELD INN & SUITES,,,,,
GSMS 2018-GS9,14,RESIDENCE INN SOUTHINGTON,,,,,
GSMS 2018-GS9,14,BISMARCK RESIDENCE INN,,,,,
GSMS 2018-GS9,14,KALAMAZOO-PORTAGE COURTYARD,,,,,
GSMS 2018-GS9,14,FAIRFIELD INN AND SUITES RENO SPARKS,,,,,
GSMS 2018-GS9,14,SAN BERNARDINO HAMPTON INN & SUITES,,,,,
GSMS 2018-GS9,14,TOWNEPLACE SUITES BOISE DOWNTOWN,,,,,
GSMS 2018-GS9,14,RESIDENCE INN BATON ROUGE,,,,,
GSMS 2018-GS9,14,LEXINGTON COURTYARD,,,,,
GSMS 2018-GS9,14,RESIDENCE INN MYSTIC GROTON,,,,,
GSMS 2018-GS9,14,DOUBLETREE HOLLAND,,,,,
GSMS 2018-GS9,14,SHERATON HOTEL WOODBURY,,,,,
GSMS 2018-GS9,14,HILTON GARDEN INN GLASTONBURY,,,,,
GSMS 2018-GS9,30,CENTURY INDUSTRIAL CENTER,,,,,
GSMS 2019-GC38,1,365 BOND,,,,,
GSMS 2019-GC38,22,WOODSPRING SUITES CLERMONT,,,,,
GSMS 2019-GC38,22,WOODSPRING SUITES CLARCONA,,,,,
GSMS 2019-GC39,15,Soho Beach House,,,,,
GSMS 2019-GC39,17,Borel Square Shopping Center,,,,,
GSMS 2019-GC39,24,Fairview Centre,,,,,
GSMS 2019-GC39,27,2325 Crenshaw Boulevard,,,,,
GSMS 2019-GC39,6,Residence Inn Salt Lake City,,,,,
GSMS 2019-GC39,7,365 Bond,,,,,
GSMS 2019-GC40,35,"Railroad San Mateo, CA",,,,,
GSMS 2019-GC40,8,Western Digital,,,,,
GSMS 2019-GC40,9,ARC Apartments,,,,,
GSMS 2019-GC42,21,222 Kearny St,,,,,
GSMS 2019-GC42,35,Fairfield Inn & Suites East Peoria,,,,,
GSMS 2019-GSA1,24,Cubesmart North Bergen,,,,,
GSMS 2020-GC45,11,Crystal Springs Resort #1,,,,,
GSMS 2020-GSA2,21,Redmond Town Center,,,,,
GSMS 2020-GSA2,24,Indian Terrace Villas I-VI,,,,,
GSMS 2021-GSA3,28,1130-1152 7TH AVENUE,,,,,
GSMS 2021-GSA3,28,636 C STREET,,,,,
JPMCC 2016-JP4,17,PGA FINANCIAL PLAZA,,,,,
JPMCC 2016-JP4,24,TECH RIDGE OFFICE PARK,,,,,
JPMCC 2016-JP4,27,The Riviera,,,,,
JPMCC 2016-JP4,33,HINESVILLE CENTRAL,,,,,
JPMCC 2016-JP4,7,NORTH HILLS VILLAGE,,,,,
JPMCC 2016-JP4,8,HOTEL PALOMAR SAN DIEGO,,,,,
JPMCC 2017-JP5,11,Milton Park,,,,,
JPMCC 2017-JP5,15,Marriott Galleria,,,,,
JPMCC 2017-JP5,22,Woodglen Village,,,,,
JPMCC 2017-JP5,23,Partridge Inn - Augusta,,,,,
JPMCC 2017-JP5,24,4400 Dixie Highway,,,,,
JPMCC 2017-JP5,25,Towneplace Suites Dallas Las Colinas,,,,,
JPMCC 2017-JP5,3,1500 Dragon,,,,,
JPMCC 2017-JP5,32,St. Albans,,,,,
JPMCC 2017-JP5,42,North Star Terrace MHP,,,,,
JPMCC 2017-JP5,43,Rite Aid Sugar Hill,,,,,
JPMCC 2017-JP5,7,Bardmoor Palms,,,,,
JPMCC 2017-JP6,11,Humblewood Center,,,,,
JPMCC 2017-JP6,13,Diamond Hill Apartments,,,,,
JPMCC 2017-JP6,17,Castleton Self Storage,,,,,
JPMCC 2017-JP6,25,Elk Grove Hampton Inn,,,,,
JPMCC 2017-JP6,27,Quail Creek,,,,,
JPMCC 2017-JP6,3,Browning Place,,,,,
JPMCC 2017-JP6,34,1201 Oak Lawn,,,,,
JPMCC 2017-JP6,5,Diamond Hill Denver,,,,,
JPMCC 2017-JP6,9,Allenwood,,,,,
JPMCC 2017-JP7,11,MARRIOTT PARK CITY,,,,,
JPMCC 2017-JP7,16,DEPOT MARKETPLACE,,,,,
JPMCC 2017-JP7,17,FAIRFIELD INN MYRTLE BEACH NORTH,,,,,
JPMCC 2017-JP7,17,HOLIDAY INN EXPRESS & SUITES WILMINGTON-UNIVERSITY CTR.,,,,,
JPMCC 2017-JP7,17,FAIRFIELD INN CHARLOTTE NORTHLAKE,,,,,
JPMCC 2017-JP7,17,HOLIDAY INN EXPRESS & SUITES GOLDSBORO BASE AREA,,,,,
JPMCC 2017-JP7,17,COMFORT SUITES GASTONIA,,,,,
JPMCC 2017-JP7,19,FLOWSERVE PUMPS,,,,,
JPMCC 2017-JP7,2,LKQ (SALISBURY),,,,,
JPMCC 2017-JP7,2,BAE FACILITY,,,,,
JPMCC 2017-JP7,2,FEDEX GROUND (STRATFORD),,,,,
JPMCC 2017-JP7,2,FEDEX (BALTIMORE),,,,,
JPMCC 2017-JP7,2,HARMAN BECKER,,,,,
JPMCC 2017-JP7,2,GE AVIATION (LAFAYETTE),,,,,
JPMCC 2017-JP7,2,GODADDY,,,,,
JPMCC 2017-JP7,2,CARRIER,,,,,
JPMCC 2017-JP7,2,EMERUS,,,,,
JPMCC 2017-JP7,2,CARDINAL HEALTH,,,,,
JPMCC 2017-JP7,2,TYCO ELECTRONICS,,,,,
JPMCC 2017-JP7,2,FCA/CATERPILLAR,,,,,
JPMCC 2017-JP7,2,FEDEX GROUND (STAUNTON),,,,,
JPMCC 2017-JP7,2,QUAD PACKAGING (PROTEUS) - FRANKLIN BUSINESS PARK,,,,,
JPMCC 2017-JP7,2,QUAD PACKAGING (TRANSPAK) - FRANKLIN BUSINESS PARK,,,,,
JPMCC 2017-JP7,2,T-MOBILE CALL CENTER,,,,,
JPMCC 2017-JP7,2,SIKORSKY AIRCRAFT R&D FACILITY,,,,,
JPMCC 2017-JP7,2,VATTEROTT COLLEGE,,,,,
JPMCC 2017-JP7,2,COMCAST,,,,,
JPMCC 2017-JP7,2,ALFA LAVAL PLANT,,,,,
JPMCC 2017-JP7,2,LKQ (NEW BRAUNFELS),,,,,
JPMCC 2017-JP7,2,HITACHI,,,,,
JPMCC 2017-JP7,2,CAMERON INTERNATIONAL,,,,,
JPMCC 2017-JP7,2,H&E EQUIPMENT SERVICES (GREER),,,,,
JPMCC 2017-JP7,2,LKQ (TOLEDO),,,,,
JPMCC 2017-JP7,2,H&E EQUIPMENT SERVICES (YUKON),,,,,
JPMCC 2017-JP7,2,H&E EQUIPMENT SERVICES (COLUMBIA),,,,,
JPMCC 2017-JP7,2,SAINT-GOBAIN WAREHOUSE,,,,,
JPMCC 2017-JP7,2,GE AVIATION (POMPANO),,,,,
JPMCC 2017-JP7,2,H&E EQUIPMENT SERVICES (NEW ORLEANS),,,,,
JPMCC 2017-JP7,2,H&E EQUIPMENT SERVICES (SAN ANTONIO),,,,,
JPMCC 2017-JP7,2,BAXALTA (ANKENY),,,,,
JPMCC 2017-JP7,2,BAXALTA (SPRINGFIELD),,,,,
JPMCC 2017-JP7,2,BAXALTA (WAUSAU),,,,,
JPMCC 2017-JP7,2,GERDAU,,,,,
JPMCC 2017-JP7,2,BAXALTA (GRAND RAPIDS),,,,,
JPMCC 2017-JP7,2,BAXALTA (MOUNDS VIEW),,,,,
JPMCC 2017-JP7,2,BAXALTA (CASSELBERRY),,,,,
JPMCC 2017-JP7,2,BAXALTA (BARRY POINTE),,,,,
JPMCC 2017-JP7,2,SYNCHRONY FINANCIAL,,,,,
JPMCC 2017-JP7,2,ALLIANCE DATA SYSTEMS OFFICE,,,,,
JPMCC 2017-JP7,7,WEST TOWN MALL,,,,,
JPMCC 2019-COR4,35,National Tire & Battery,,,,,
JPMCC 2019-COR5,23,Township Plaza,,,,,
JPMCC 2019-COR5,26,St Louis Parking,,,,,
JPMCC 2019-COR5,27,Macon 57 Portfolio - 1433 Macon Street,,,,,
JPMCC 2019-COR5,28,320-324 West 14th Street,,,,,
JPMCC 2019-COR5,29,446-450 West 19Th Street,,,,,
JPMCC 2019-COR5,30,57-59 Second Avenue,,,,,
JPMCC 2019-COR5,31,43 West 27Th Street,,,,,
JPMCC 2019-COR5,32,59-61 East 3rd Street,,,,,
JPMCC 2019-COR5,34,808 Lexington Avenue,,,,,
JPMCC 2019-COR5,35,1384 First Avenue,,,,,
JPMCC 2019-COR5,36,329 Union Street,,,,,
JPMCC 2019-COR5,37,350 East 13Th Street,,,,,
JPMCC 2019-COR5,38,358 & 362 11Th Street,,,,,
JPMCC 2019-COR5,39,610 East 9Th Street,,,,,
JPMCC 2019-COR5,40,316 West 14Th Street,,,,,
JPMCC 2019-COR5,41,402 East 12th Street,,,,,
JPMCC 2019-COR5,42,42 Sidney Place,,,,,
JPMCC 2019-COR5,43,522 East 5Th Street,,,,,
JPMCC 2019-COR5,44,106 Bedford Avenue,,,,,
JPMCC 2019-COR5,45,295 Degraw Street,,,,,
JPMCC 2019-COR5,46,413 South 5th Street,,,,,
JPMDB 2017-C5,1,229 WEST 43RD STREET RETAIL CONDO,,,,,
JPMDB 2017-C5,17,SHOPKO SALEM,,,,,
JPMDB 2017-C5,17,SHOPKO EUGENE,,,,,
JPMDB 2017-C5,17,SHOPKO BEND,,,,,
JPMDB 2017-C5,18,PROVIDENCE AT MEMORIAL,,,,,
JPMDB 2017-C5,20,FELIZ,,,,,
JPMDB 2017-C5,20,VIDA,,,,,
JPMDB 2017-C5,20,AMOR,,,,,
JPMDB 2017-C5,31,VALUE PLACE CLARCONA,,,,,
JPMDB 2017-C5,31,VALUE PLACE CLERMONT,,,,,
JPMDB 2017-C5,8,DALLAS DESIGN DISTRICT,,,,,
JPMDB 2017-C7,17,Preston Plaza,,,,,
JPMDB 2017-C7,21,Fullerton Plaza,,,,,
JPMDB 2017-C7,26,Staybridge Suites St. Petersburg,,,,,
JPMDB 2017-C7,27,Mural Lofts,,,,,
JPMDB 2017-C7,32,Preston Trail Atrium,,,,,
JPMDB 2017-C7,35,9-11 Raymond Avenue,,,,,
JPMDB 2017-C7,38,The Grove At 43rd Street,,,,,
JPMDB 2017-C7,39,Brittmoore Industrial Park,,,,,
JPMDB 2017-C7,41,PPHC Holdings Manufacturing Facility,,,,,
JPMDB 2017-C7,8,BAE Facility,,,,,
JPMDB 2018-C8,13,NORTHWEST BUSINESS CENTER,,,,,
JPMDB 2018-C8,21,THE MARKET AT CROSS CREEK RANCH,,,,,
JPMDB 2018-C8,29,HOLIDAY INN EXPRESS ALBANY,,,,,
JPMDB 2018-C8,30,MEZZ 42,,,,,
JPMDB 2018-C8,34,LARRY POWER STORAGE,,,,,
JPMDB 2018-C8,34,ARMOUR ROAD STORAGE,,,,,
JPMDB 2018-C8,4,EMBASSY SUITES GLENDALE,,,,,
JPMDB 2018-C8,8A,DreamWorks Campus,,,,,
JPMDB 2019-COR6,22,Prospect Park,,,,,
JPMDB 2019-COR6,32,Prince Creek Village Center,,,,,
JPMDB 2020-COR7,10,Chase Center Tower 1,,,,,
JPMDB 2020-COR7,11,Chase Center Tower II,,,,,
JPMDB 2020-COR7,23,15091 Alabama Highway 20,,,,,
MSBAM 2016-C32,33,"KOHLS - LUTZ, FL FEE",,,,,
MSBAM 2016-C32,45,FALCON CREEK PHASE II APARTMENTS,,,,,
MSBAM 2016-C32,46,DIAMOND SOUTHWEST INDUSTRIAL,,,,,
MSBAM 2016-C32,48,WINDY KNOLLS PHASE II APARTMENTS,,,,,
MSBAM 2016-C32,52,"RITE AID - COLOMA, MI",,,,,
MSBAM 2016-C32,52,"RITE AID - SPRING LAKE, MI",,,,,
MSBAM 2017-C33,1,HYATT REGENCY AUSTIN,,,,,
MSBAM 2017-C33,24,MIDWAY OFFICE PARK,,,,,
MSBAM 2017-C33,28,CVS EUCLID,,,,,
MSBAM 2017-C33,28,CVS AUSTIN,,,,,
MSBAM 2017-C33,36,TROLLEY INDUSTRIAL,,,,,
MSBAM 2017-C33,40,71 FULLER ROAD,,,,,
MSBAM 2017-C34,36,PHILMONT INDUSTRIAL BUILDING,,,,,
MSBAM 2017-C34,46,LAS VEGAS DOLLAR GENERAL MARKET,,,,,
MSBAM 2017-C34,49,LUXOR MHC,,,,,
MSBAM 2017-C34,50,MARY ANN MHC,,,,,
MSCI 2017-H1,11,1615 Poydras,,,,,
MSCI 2017-H1,43,Courtyard Rock Hill,,,,,
MSCI 2017-H1,44,Courtyard Burlington,,,,,
MSCI 2017-H1,45,Chandler Mercado,,,,,
MSCI 2017-H1,46,Shoppes At Meadow Ridge,,,,,
MSCI 2017-H1,54,Wingate By Wyndham York,,,,,
MSCI 2017-H1,6,Hyatt Regency Austin,,,,,
MSCI 2017-HR2,16,CITYLINE GUARDIAN MIXED USE,,,,,
MSCI 2017-HR2,2,THE WOODS,,,,,
MSCI 2017-HR2,28,EAGLE VILLAGE APARTMENTS,,,,,
MSCI 2018-H3,14,55 MIRACLE MILE,,,,,
MSCI 2018-H3,2,6330 WEST LOOP SOUTH,,,,,
MSCI 2018-H3,20,THE NEXUS AT STUART,,,,,
MSCI 2018-H3,20,THE NEXUS AT WELLINGTON,,,,,
MSCI 2018-H3,20,THE NEXUS AT VISTA PARK,,,,,
MSCI 2018-H3,29,UNIVERSITY BUSINESS CENTER,,,,,
MSCI 2018-H3,4,ARROWHEAD MEDICAL PLAZA II,,NA,,,OF
MSCI 2018-H3,4,OAK LAWN MEDICAL CENTER,,NA,,,OF
MSCI 2018-H3,4,ARROWHEAD MEDICAL PLAZA I,,NA,,,OF
MSCI 2018-H3,9,TORRANCE TECHNOLOGY CAMPUS,,,,,
MSCI 2018-H4,29,Gateway Oaks,,,,,
MSCI 2018-H4,39,Fairfield Inn Alpharetta,,,,,
MSCI 2018-H4,45,Fedex Distribution Harrison,,,,,
MSCI 2018-H4,9,ESA Cleveland Brooklyn,,,,,
MSCI 2019-H6,10,Columbia Corporate Center,,,,,
MSCI 2019-H6,33,Serene Plaza,,,,,
MSCI 2019-H6,7,Fedex Niles,,,,,
MSCI 2019-H7,12,Fedex Niles,,,,,
MSCI 2019-H7,37,Lake Crest Office,,,,,
MSCI 2019-L2,24,Twin Oaks I & II,,,,,
MSCI 2019-L2,27,Wilshire Plaza,,,,,
MSCI 2019-L2,42,7390 Lincoln Way,,,,,
MSCI 2019-L2,44,170 Mercer Street,,,,,
MSCI 2019-L2,48,Copper Pointe,,,,,
MSCI 2019-L3,1,"QUEST DIAGNOSTICS, INC.",,NA,,,
MSCI 2019-L3,21,MAGNOLIA COVE APARTMENTS,,,,,
MSCI 2020-HR8,4,PEBBLE WALK APARTMENTS,,,,,
MSCI 2020-HR8,4,LAGUNA AZUL APARTMENTS,,,,,
MSCI 2020-HR8,4,RAVENWOOD APARTMENTS,,,,,
MSCI 2020-HR8,4,THE PRESIDIO APARTMENTS,,,,,
MSCI 2021-L6,13,Tower Point At The Highlands,,,,,
MSCI 2021-L6,16,Winchester Office Building,,,,,
MSCI 2021-L6,20,Glenwood Farms,,,,,
MSWF 2023-1,9A,RIALTO INDUSTRIAL,,NA,1110 WEST MERRILL AVENUE,92376,
MSWF 2023-2,17,STANFORD INDUSTRIAL PARK,,,,,
MSWF 2023-2,17,AUTO WORKS INDUSTRIAL PARK,,,,,
MSWF 2023-2,17,UNION BUSINESS PARK,,,,,
UBSCM 2017-C1,1,SAVE MART - JACKSON,,,,,
UBSCM 2017-C1,1,LUCKY - SAN LEANDRO,,,,,
UBSCM 2017-C1,1,LUCKY - SAN JOSE II,,,,,
UBSCM 2017-C1,1,LUCKY - SAN JOSE I,,,,,
UBSCM 2017-C1,1,DICKS SPORTING GOODS - FOLSOM,,,,,
UBSCM 2017-C1,1,SAVE MART - SACRAMENTO,,,,,
UBSCM 2017-C1,1,SAVE MART - KINGSBURG,,,,,
UBSCM 2017-C1,1,LUCKY - HAYWARD,,,,,
UBSCM 2017-C1,1,LUCKY - VACAVILLE II,,,,,
UBSCM 2017-C1,1,LUCKY - SAND CITY,,,,,
UBSCM 2017-C1,1,SAVE MART - FRESNO II,,,,,
UBSCM 2017-C1,1,SAVE MART - ELK GROVE,,,,,
UBSCM 2017-C1,1,LUCKY - VACAVILLE I,,,,,
UBSCM 2017-C1,1,LUCKY - SANTA ROSA,,,,,
UBSCM 2017-C1,1,SAVE MART - ROSEVILLE,,,,,
UBSCM 2017-C1,1,LUCKY - SAN JOSE III,,,,,
UBSCM 2017-C1,1,SAVE MART - FRESNO I,,,,,
UBSCM 2017-C1,1,SAVE MART - MODESTO,,,,,
UBSCM 2017-C1,1,FOODMAXX - ANTIOCH,,,,,
UBSCM 2017-C1,1,LUCKY - SAN BRUNO,,,,,
UBSCM 2017-C1,1,LUCKY CALIFORNIA - DALY CITY,,,,,
UBSCM 2017-C1,1,LUCKY - CONCORD,,,,,
UBSCM 2017-C1,1,LUCKY - SAN FRANCISCO,,,,,
UBSCM 2017-C1,1,SAVE MART - GRASS VALLEY,,,,,
UBSCM 2017-C1,1,SAVE MART - CLOVIS,,,,,
UBSCM 2017-C1,1,DICKS SPORTING GOODS - SALINAS,,,,,
UBSCM 2017-C1,1,LUCKY - HOLLISTER,,,,,
UBSCM 2017-C1,1,SAVE MART - CHICO,,,,,
UBSCM 2017-C1,1,S-MART - LODI,,,,,
UBSCM 2017-C1,1,SAVE MART - TRACY,,,,,
UBSCM 2017-C1,1,SAVE MART - AUBURN,,,,,
UBSCM 2017-C1,1,LUCKY - HAYWARD I,,,,,
UBSCM 2017-C1,1,FOODMAXX - SACRAMENTO,,,,,
UBSCM 2017-C1,11,GRAND RAPIDS RETAIL,,,,,
UBSCM 2017-C1,11,WARREN DISTRIBUTION CENTER,,,,,
UBSCM 2017-C1,11,COMSTOCK PARK RETAIL,,,,,
UBSCM 2017-C1,11,MATTRESS DISTRIBUTION CENTER,,,,,
UBSCM 2017-C1,11,BLOOMFIELD HILLS RETAIL,,,,,
UBSCM 2017-C1,13,888 WAYNE AVENUE,,,,,
UBSCM 2017-C1,13,1176 GRANT STREET,,,,,
UBSCM 2017-C1,13,1163 GRANT STREET,,,,,
UBSCM 2017-C1,13,1179 GRANT STREET,,,,,
UBSCM 2017-C1,13,1027 WASHINGTON STREET,,,,,
UBSCM 2017-C1,13,758 LOCUST STREET,,,,,
UBSCM 2017-C1,13,713 SCHOOL STREET,,,,,
UBSCM 2017-C1,13,1150 GRANT STREET,,,,,
UBSCM 2017-C1,13,1205 MAPLE STREET,,,,,
UBSCM 2017-C1,13,1149 GRANT STREET,,,,,
UBSCM 2017-C1,13,1156 GRANT STREET,,,,,
UBSCM 2017-C1,14,HILTON WOODCLIFF LAKE,,,,,
UBSCM 2017-C1,29,GERBER VILLAGE,,,,,
UBSCM 2017-C1,4,GARDEN VILLAGE,,,,,
UBSCM 2017-C1,44,GREENHILL APARTMENTS,,,,,
UBSCM 2017-C1,49,LA QUINTA INNS & SUITES HARRISBURG HERSHEY,,,,,
UBSCM 2017-C1,5,APPLE SUNNYVALE,,,,,
UBSCM 2017-C1,50,FAIRFIELD INN & SUITES MILFORD,,,,,
UBSCM 2017-C1,52,COMFORT INN CLEVELAND,,,,,
UBSCM 2017-C1,54,MURPHY MHC,,,,,
UBSCM 2017-C1,54,HEMPSTEAD MHC,,,,,
UBSCM 2017-C1,58,2800-2806 E. 81ST STREET,,,,,
UBSCM 2017-C1,58,4750 S. INDIANA AVENUE,,,,,
UBSCM 2017-C1,58,7840 S. YATES,,,,,
UBSCM 2017-C1,58,2220-2226 E. 75TH STREET,,,,,
UBSCM 2017-C1,58,1422 E. 68TH STREET,,,,,
UBSCM 2017-C1,58,5618-5620 S. DR MARTIN LUTHER KING DRIVE,,,,,
UBSCM 2017-C1,58,6558 S. VERNON AVENUE,,,,,
UBSCM 2017-C2,10,Lucky - San Francisco,,,,,
UBSCM 2017-C2,11,GM Logistics Center 2,,,,,
UBSCM 2017-C2,14,Radisson Hotel - Paper Valley,,,,,
UBSCM 2017-C2,18,South Main RV Park,,,,,
UBSCM 2017-C2,2,Park West Village,,,,,
UBSCM 2017-C2,28,Skagit Valley Square,,,,,
UBSCM 2017-C2,41,Fairfield Inn & Suites Columbus East,,,,,
UBSCM 2017-C2,46,Hampton Inn & Suites Binghamton - Vestal,,,,,
UBSCM 2017-C2,52,Walgreens - Grand Rapids,,,,,
UBSCM 2017-C3,12,Radisson Hotel - Paper Valley,,,,,
UBSCM 2017-C3,16,Crowne Plaza Memphis Downtown,,,,,
UBSCM 2017-C3,35,Redlands University Plaza,,,,,
UBSCM 2017-C3,8,Park West Village,,,,,
UBSCM 2017-C4,24,GM LOGISTICS CENTER 3,,,,,
UBSCM 2017-C4,26,FLOOR & DECOR,,,,,
UBSCM 2017-C4,26,GARDEN FRESH MARKET,,,,,
UBSCM 2017-C4,3,PARK WEST VILLAGE,,,,,
UBSCM 2017-C4,37,ASHLEY WOODS,,,,,
UBSCM 2017-C4,37,WHISPERING WOODS,,,,,
UBSCM 2017-C4,42,401 WEST ONTARIO,,,,,
UBSCM 2017-C4,46,TUTOR TIME,,,,,
UBSCM 2017-C4,46,DRIVE TIME,,,,,
UBSCM 2017-C5,1,Media Studios,,,,,
UBSCM 2017-C5,13,Marriot Grand Cayman,,,,,
UBSCM 2017-C5,2,Yorkshire Tower,,,,,
UBSCM 2017-C5,28,Loyalty & Hamilton,,,,,
UBSCM 2017-C5,3,Restoration Hardware,,,,,
UBSCM 2017-C5,46,Plaza At Gardendale II,,,,,
UBSCM 2017-C5,7,Ninth Avenue Property,,,,,
UBSCM 2017-C6,1,THE POINTE,,,,,
UBSCM 2017-C6,1,3800 ALAMEDA,,,,,
UBSCM 2017-C6,1,CENTRAL PARK,,,,,
UBSCM 2017-C6,1,MEDIA STUDIOS,,,,,
UBSCM 2017-C6,10,COLFAX DENTON,,,,,
UBSCM 2017-C6,19,1001 TOWNE,,,,,
UBSCM 2017-C6,2,YORKSHIRE TOWERS,,,,,
UBSCM 2017-C6,2,LEXINGTON TOWERS,,,,,
UBSCM 2017-C6,25,PARK LANE APARTMENTS,,,,,
UBSCM 2017-C6,5,DUKE BRIDGES I,,,,,
UBSCM 2017-C6,5,RESTORATION HARDWARE DISTRIBUTION,,,,,
UBSCM 2017-C6,5,STATE FARM REGIONAL HQ,,,,,
UBSCM 2017-C6,5,NORTH POINTE I,,,,,
UBSCM 2017-C6,5,CORPORATE CAMPUS AT NORTERRA,,,,,
UBSCM 2017-C6,5,CHRISTUS HEALTH HQ,,,,,
UBSCM 2017-C6,5,COMCAST REGIONAL HQ,,,,,
UBSCM 2017-C6,5,ROYAL RIDGE V,,,,,
UBSCM 2017-C6,5,ACE HARDWARE HQ,,,,,
UBSCM 2017-C6,5,WELLS FARGO OPERATIONS CENTER,,,,,
UBSCM 2017-C7,12,164-166 KINGSLAND,,,,,
UBSCM 2017-C7,12,667 MEEKER AVE,,,,,
UBSCM 2017-C7,12,5 SUTTON STREET,,,,,
UBSCM 2017-C7,12,3 SUTTON STREET,,,,,
UBSCM 2017-C7,12,669 MEEKER AVE,,,,,
UBSCM 2017-C7,12,657 MEEKER AVE,,,,,
UBSCM 2017-C7,12,673 MEEKER AVE,,,,,
UBSCM 2017-C7,12,661 MEEKER AVE,,,,,
UBSCM 2017-C7,19,900 ON NINE,,,,,
UBSCM 2017-C7,26,TOWN CENTER COMMONS,,,,,
UBSCM 2017-C7,27,HOLIDAY INN EXPRESS & SUITES CHARLOTTE AIRPORT,,,,,
UBSCM 2017-C7,37,MASON CITY,,,,,
UBSCM 2017-C7,37,LITTLETON,,,,,
UBSCM 2017-C7,4,THE CENTRE - 4000N&S MCEWEN ROAD,,NA,,,OF
UBSCM 2017-C7,41,CALIFORNIA STREET TOWNHOMES,,,,,
UBSCM 2017-C7,41,BLOOMFIELD RENTAL TOWNHOMES,,,,,
UBSCM 2017-C7,41,1500 WILLOW PASS COURT,,,,,
UBSCM 2017-C7,41,GRANT STREET TOWNHOMES,,,,,
UBSCM 2017-C7,45,ESSEX CENTRE,,,,,
UBSCM 2017-C7,7,CORPORATE CAMPUS AT NORTERRA,,,,,
UBSCM 2017-C7,7,RESTORATION HARDWARE DISTRIBUTION,,,,,
UBSCM 2017-C7,7,STATE FARM REGIONAL HQ,,,,,
UBSCM 2017-C7,7,NORTH POINTE I,,,,,
UBSCM 2017-C7,7,CHRISTUS HEALTH HQ,,,,,
UBSCM 2017-C7,7,DUKE BRIDGES I,,,,,
UBSCM 2017-C7,7,WELLS FARGO OPERATIONS CENTER,,,,,
UBSCM 2017-C7,7,ACE HARDWARE HQ,,,,,
UBSCM 2017-C7,7,ROYAL RIDGE V,,,,,
UBSCM 2017-C7,7,COMCAST REGIONAL HQ,,,,,
UBSCM 2018-C10,15,ALORICA OFFICE BUILDING 2000,,,,,
UBSCM 2018-C10,15,ALORICA OFFICE BUILDING 3000,,,,,
UBSCM 2018-C10,15,ALORICA OFFICE BUILDING 8000,,,,,
UBSCM 2018-C10,15,ALORICA OFFICE BUILDING 1000,,,,,
UBSCM 2018-C10,16,PLANTATION AT CRYSTAL RIVER,,,,,
UBSCM 2018-C10,2,OAK LAWN MEDICAL CENTER,,NA,,,OF
UBSCM 2018-C10,2,ARROWHEAD MEDICAL PLAZA I,,NA,,,OF
UBSCM 2018-C10,2,ARROWHEAD MEDICAL PLAZA II,,NA,,,OF
UBSCM 2018-C10,41,WESTPARK HUDSON,,,,,
UBSCM 2018-C10,45,MADISON SQUARE,,,,,
UBSCM 2018-C11,16,Soho House,,,,,
UBSCM 2018-C11,26,401 West 219Th Street,,,,,
UBSCM 2018-C11,3,Torrance Technology Campus,,,,,
UBSCM 2018-C11,36,City Line Apartments,,,,,
UBSCM 2018-C11,37,Sugarman's Plaza,,,,,
UBSCM 2018-C11,38,910 S Broadway,,,,,
UBSCM 2018-C11,44,Bremen Crossing Retail Center,,,,,
UBSCM 2018-C11,46,IUP Pratt Studios,,,,,
UBSCM 2018-C12,1,Wyvernwood Garden Apartments,,,,,
UBSCM 2018-C12,10,Somercet Center,,,,,
UBSCM 2018-C12,18,Holiday Inn - Matteson,,,,,
UBSCM 2018-C12,25,WoodSpring Suites Savannah,,,,,
UBSCM 2018-C12,34,Pelican Walk,,,,,
UBSCM 2018-C12,41,Holiday Inn Houston SW Sugar Land,,,,,
UBSCM 2018-C12,62,Zavarella Industrial,,,,,
UBSCM 2018-C13,14,121 East Maryland Street Parking Garage,,,,,
UBSCM 2018-C13,25,Residence Inn Chicago Deerfield,,,,,
UBSCM 2018-C13,28,Residence Inn Boston Danvers,,,,,
UBSCM 2018-C13,35,Westgate Shopping Center,,,,,
UBSCM 2018-C13,5,Wyvernwood Garden Apartments,,,,,
UBSCM 2018-C13,50,Country Inn & Suites - Vero Beach I 95,,,,,
UBSCM 2018-C13,6,Pier 1 Imports Headquarters,,,,,
UBSCM 2018-C14,19,Holiday Inn Express & Suites - Clearwater,,,,,
UBSCM 2018-C14,2,1200 Network Centre Drive,,,,,
UBSCM 2018-C14,25,Holiday Inn Express & Suites Detroit Novi,,,,,
UBSCM 2018-C14,9,Village At Lee Branch II,,,,,
UBSCM 2018-C15,1,Westward Storage Park,,,,,
UBSCM 2018-C15,17,CENTRAL CITY INDUSTRIAL,,,,,
UBSCM 2018-C15,2,1200 Network Centre Drive,,,,,
UBSCM 2018-C15,27,Feather River Crossings,,,,,
UBSCM 2018-C15,28,"Hilton Garden Inn - Killeen, Texas",,,,,
UBSCM 2018-C15,36,Hampton Inn Derby,,,,,
UBSCM 2018-C15,7,Pier 1 Imports Headquarters,,,,,
UBSCM 2018-C8,22,Yorkshire Tower,,,,,
UBSCM 2018-C8,38,Las Brisas,,,,,
UBSCM 2018-C8,4,Houston Distribution Center,,,,,
UBSCM 2018-C8,44,WoodSpring Suites Baton Rouge East,,,,,
UBSCM 2018-C8,45,Shoppes Marketplace at Saxony,,,,,
UBSCM 2018-C8,54,The Avery Georgetown,,,,,
UBSCM 2018-C9,20,Gymboree Distribution Center,,,,,
UBSCM 2018-C9,26,53 South 11th Street,,,,,
UBSCM 2018-C9,33,Missoula Retail,,,,,
UBSCM 2019-C16,28,Quince Diamond Executive Park,,,,,
UBSCM 2019-C16,31,Holiday Inn - Battle Creek,,,,,
UBSCM 2019-C16,46,Best Western Plus Greensboro,,,,,
UBSCM 2019-C16,5,Westward Storage Park,,,,,
UBSCM 2019-C16,7,1200 Network Centre Drive,,,,,
UBSCM 2019-C17,39,SEACOAST SELF STORAGE,,,,,
UBSCM 2019-C17,39,DERRY SELF STORAGE,,,,,
UBSCM 2019-C18,35,CUBESMART PENNS LANDING,,,,,
WFCM 2016-C37,10,FREMAUX TOWN CENTER,,,,,
WFCM 2016-C37,2,QUANTUM PARK,,,,,
WFCM 2016-C37,27,MACGREGOR PLACE,,,,,
WFCM 2016-C37,3,LIBERTY SHOPPING CENTER,,,,,
WFCM 2016-C37,3,DOUGLAS SHOPPING CENTER,,,,,
WFCM 2016-C37,3,PETAL SHOPPING CENTER,,,,,
WFCM 2016-C37,3,BELTON SHOPPING CENTER,,,,,
WFCM 2016-C37,3,PERRY SHOPPING CENTER,,,,,
WFCM 2016-C37,3,PULASKI SHOPPING CENTER,,,,,
WFCM 2016-C37,3,MARSHALLTOWN SHOPPING CENTER,,,,,
WFCM 2016-C37,3,BAD AXE SHOPPING CENTER,,,,,
WFCM 2016-C37,3,OTTUMWA SHOPPING CENTER,,,,,
WFCM 2016-C37,3,TYLER SHOPPING CENTER,,,,,
WFCM 2016-C37,3,OSKALOOSA SHOPPING CENTER,,,,,
WFCM 2016-C37,3,SHELBYVILLE SHOPPING CENTER,,,,,
WFCM 2016-C37,3,ALEXANDRIA SHOPPING CENTER,,,,,
WFCM 2016-C37,3,LA JUNTA SHOPPING CENTER,,,,,
WFCM 2016-C37,3,ST. JOHNS SHOPPING CENTER,,,,,
WFCM 2016-C37,3,NEWTON SHOPPING CENTER,,,,,
WFCM 2016-C37,3,TELL CITY SHOPPING CENTER,,,,,
WFCM 2016-C37,3,NEWCASTLE SHOPPING CENTER,,,,,
WFCM 2016-C37,3,WAUSEON SHOPPING CENTER,,,,,
WFCM 2016-C37,3,PAMPA SHOPPING CENTER,,,,,
WFCM 2016-C37,3,KEOKUK SHOPPING CENTER,,,,,
WFCM 2016-C37,3,BOAZ SHOPPING CENTER,,,,,
WFCM 2016-C37,3,FORT DODGE SHOPPING CENTER,,,,,
WFCM 2016-C37,3,YUKON SHOPPING CENTER,,,,,
WFCM 2016-C37,3,PINEVILLE SHOPPING CENTER,,,,,
WFCM 2016-C37,3,MUSTANG SHOPPING CENTER,,,,,
WFCM 2016-C37,3,ZACHARY SHOPPING CENTER,,,,,
WFCM 2016-C37,3,PLAINVIEW SHOPPING CENTER,,,,,
WFCM 2016-C37,3,ALICE SHOPPING CENTER,,,,,
WFCM 2016-C37,3,SHAWNEE SHOPPING CENTER,,,,,
WFCM 2016-C37,3,MINDEN SHOPPING CENTER,,,,,
WFCM 2016-C37,3,WEST BURLINGTON SHOPPING CENTER,,,,,
WFCM 2016-C37,3,RADCLIFF SHOPPING CENTER,,,,,
WFCM 2016-C37,3,DURANT SHOPPING CENTER,,,,,
WFCM 2016-C37,5,FRANKLIN SQUARE III,,,,,
WFCM 2016-C37,58,STERLING CLIMATIZED STORAGE,,,,,
WFCM 2016-C37,61,ACTIONS SELF STORAGE,,,,,
WFCM 2017-C38,12,RALEIGH MARRIOTT CITY CENTER,,,,,
WFCM 2017-C38,17,HIGHLAND PARK MIXED USE,,,,,
WFCM 2017-C38,19,LUCKY CALIFORNIA - DALY CITY,,,,,
WFCM 2017-C38,19,LUCKY - HAYWARD I,,,,,
WFCM 2017-C38,19,SAVE MART - AUBURN,,,,,
WFCM 2017-C38,19,SAVE MART - TRACY,,,,,
WFCM 2017-C38,19,SAVE MART - JACKSON,,,,,
WFCM 2017-C38,19,DICKS SPORTING GOODS - SALINAS,,,,,
WFCM 2017-C38,19,SAVE MART - MODESTO,,,,,
WFCM 2017-C38,19,LUCKY - SAN FRANCISCO,,,,,
WFCM 2017-C38,19,LUCKY - HOLLISTER,,,,,
WFCM 2017-C38,19,DICKS SPORTING GOODS - FOLSOM,,,,,
WFCM 2017-C38,19,FOODMAXX - ANTIOCH,,,,,
WFCM 2017-C38,19,LUCKY - CONCORD,,,,,
WFCM 2017-C38,19,LUCKY - SAN JOSE II,,,,,
WFCM 2017-C38,19,LUCKY - SAN LEANDRO,,,,,
WFCM 2017-C38,19,LUCKY - SAN JOSE I,,,,,
WFCM 2017-C38,19,LUCKY - SAN BRUNO,,,,,
WFCM 2017-C38,19,S-MART - LODI,,,,,
WFCM 2017-C38,19,SAVE MART - CHICO,,,,,
WFCM 2017-C38,19,SAVE MART - FRESNO I,,,,,
WFCM 2017-C38,19,LUCKY - SAN JOSE III,,,,,
WFCM 2017-C38,19,SAVE MART - ROSEVILLE,,,,,
WFCM 2017-C38,19,LUCKY - VACAVILLE I,,,,,
WFCM 2017-C38,19,SAVE MART - ELK GROVE,,,,,
WFCM 2017-C38,19,SAVE MART - FRESNO II,,,,,
WFCM 2017-C38,19,FOODMAXX - SACRAMENTO,,,,,
WFCM 2017-C38,19,LUCKY - SAND CITY,,,,,
WFCM 2017-C38,19,SAVE MART - GRASS VALLEY,,,,,
WFCM 2017-C38,19,SAVE MART - CLOVIS,,,,,
WFCM 2017-C38,19,LUCKY - VACAVILLE II,,,,,
WFCM 2017-C38,19,LUCKY - HAYWARD,,,,,
WFCM 2017-C38,19,SAVE MART - KINGSBURG,,,,,
WFCM 2017-C38,19,SAVE MART - SACRAMENTO,,,,,
WFCM 2017-C38,19,LUCKY - SANTA ROSA,,,,,
WFCM 2017-C38,23,HILTON GARDEN INN - AMES,,,,,
WFCM 2017-C38,34,HOME2 SUITES - SAN ANTONIO,,,,,
WFCM 2017-C38,62,RITE AID - ALLENTOWN,,,,,
WFCM 2017-C38,70,OUT O SPACE STORAGE NORTH CHARLESTON,,,,,
WFCM 2017-C38,72,300 NORTHERN PACIFIC AVENUE,,,,,
WFCM 2017-C39,38,BENNETT STREET DESIGN DISTRICT,,,,,
WFCM 2017-C39,41,COMFORT SUITES DAPHNE,,,,,
WFCM 2017-C39,41,BEST WESTERN PLUS DAPHNE,,,,,
WFCM 2017-C39,43,FAIRFIELD INN & SUITES - TOLEDO,,,,,
WFCM 2017-C39,45,HOLIDAY INN EXPRESS - HUNTSVILLE,,,,,
WFCM 2017-C39,60,DAYS INN ISELIN,,,,,
WFCM 2017-C39,7,TWO INDEPENDENCE SQUARE,,,,,
WFCM 2017-C40,26,215 SOUTH BREA BOULEVARD,,,,,
WFCM 2017-C40,52,KAYSVILLE BUSINESS PARK,,,,,
WFCM 2017-C40,53,EAU GALLIE SELF STORAGE,,,,,
WFCM 2017-C40,64,SENECA BROADVIEW HILLS TOWNHOMES,,,,,
WFCM 2017-C40,65,LLOYDS MHC,,,,,
WFCM 2017-C41,20,HILTON HOUSTON GALLERIA TX,,,,,
WFCM 2017-C41,49,RITE AID DUNMORE,,,,,
WFCM 2017-C41,51,PREFERRED SELF STORAGE,,,,,
WFCM 2017-C42,13,LAGUNA CLIFFS MARRIOTT,,,,,
WFCM 2017-C42,25,RITE AID LONG BEACH,,,,,
WFCM 2017-C42,26,55 WEST 19TH STREET,,,,,
WFCM 2017-C42,9,HILTON DALLAS ROCKWALL,,,,,
WFCM 2017-RB1,13,MERRILL LYNCH DRIVE,,,,,
WFCM 2017-RB1,14,MATTRESS DISTRIBUTION CENTER,,,,,
WFCM 2017-RB1,14,WARREN DISTRIBUTION CENTER,,,,,
WFCM 2017-RB1,14,COMSTOCK PARK RETAIL,,,,,
WFCM 2017-RB1,14,GRAND RAPIDS RETAIL,,,,,
WFCM 2017-RB1,14,BLOOMFIELD HILLS RETAIL,,,,,
WFCM 2017-RB1,17,340 BRYANT,,,,,
WFCM 2017-RB1,3A,CENTER WEST,,NA,10877 WILSHIRE BOULEVARD,90024,
WFCM 2017-RB1,6,QUAIL CREEK,,,,,
WFCM 2017-RB1,6,WEST 34TH,,,,,
WFCM 2017-RB1,6,PLAINVIEW,,,,,
WFCM 2017-RB1,6,PARAMOUNT,,,,,
WFCM 2017-RB1,6,TRADEWINDS,,,,,
WFCM 2017-RB1,6,AA 45TH,,,,,
WFCM 2017-RB1,6,LUBBOCK,,,,,
WFCM 2017-RB1,6,BELL STREET,,,,,
WFCM 2017-RB1,6,COULTER,,,,,
WFCM 2017-RC1,1,HYATT PLACE TOPEKA,,,,,
WFCM 2017-RC1,1,HYATT PLACE ROANOKE,,,,,
WFCM 2017-RC1,1,HYATT PLACE ALPHARETTA,,,,,
WFCM 2017-RC1,1,HYATT PLACE DALLAS,,,,,
WFCM 2017-RC1,1,HYATT PLACE CHARLOTTE,,,,,
WFCM 2017-RC1,1,HYATT PLACE GREENVILLE,,,,,
WFCM 2017-RC1,23,BILTMORE APARTMENTS,,,,,
WFCM 2017-RC1,27,The Rochester Apartments,,,,,
WFCM 2017-RC1,28,GRINNELL WATER WORKS,,,,,
WFCM 2017-RC1,59,AIRPORT LANDING APARTMENTS,,,,,
WFCM 2017-RC1,7,CLEVELAND TECHNOLOGY CENTER,,,,,
WFCM 2018-C43,17,1025 NORTH WASHINGTON STREET,,,,,
WFCM 2018-C43,17,223 INDUSTRIAL DRIVE SOUTH,,,,,
WFCM 2018-C43,17,390 INDUSTRIAL DRIVE NORTH,,,,,
WFCM 2018-C43,17,4450 36TH STREET,,,,,
WFCM 2018-C43,24,FAIRFIELD INN & SUITES - WILLOW GROVE,,,,,
WFCM 2018-C43,30,LAMP LIGHTER MHP,,,,,
WFCM 2018-C43,30,RIVER OAKS MHP,,,,,
WFCM 2018-C43,38,HOLIDAY INN EXPRESS GREENVILLE AIRPORT,,,,,
WFCM 2018-C43,50,BRANSON SELF STORAGE,,,,,
WFCM 2018-C43,6,HOUSTON DISTRIBUTION CENTER,,,,,
WFCM 2018-C44,15,3200 NORTH FIRST STREET,,,,,
WFCM 2018-C44,36,ARLINGTON DOWNS TOWER,,,,,
WFCM 2018-C45,18,FLATS AT EAST BANK,,,,,
WFCM 2018-C45,19,LAMBETH,,,,,
WFCM 2018-C45,19,PARKWOOD,,,,,
WFCM 2018-C45,19,COLONIAL,,,,,
WFCM 2018-C45,19,CEDAR GROVE,,,,,
WFCM 2018-C45,19,VANDEMERE,,,,,
WFCM 2018-C45,30,HAMPTON INN OMAHA WEST DODGE ROAD OLD MILL,,,,,
WFCM 2018-C45,35,CITI BANK - CHICAGO,,,,,
WFCM 2018-C45,37,KEYWAY APARTMENTS,,,,,
WFCM 2018-C46,16,TORRANCE TECHNOLOGY CAMPUS,,,,,
WFCM 2018-C46,17,HERITAGE AT DEERWOOD,,,,,
WFCM 2018-C46,35,STAYBRIDGE HOTEL DENVER TECH,,,,,
WFCM 2018-C46,38,HIGHLAND CIRCLE,,,,,
WFCM 2018-C46,47,MELROSE MANSION,,,,,
WFCM 2018-C46,6,350 EAST 52ND STREET,,,,,
WFCM 2018-C46,8,SOMERSET FINANCIAL CENTER,,,,,
WFCM 2018-C47,23,FOUR POINTS BY SHERATON MIAMI AIRPORT,,,,,
WFCM 2018-C47,52,AMALIE MEADOWS APARTMENTS,,,,,
WFCM 2018-C47,60,STEWART MHP,,,,,
WFCM 2018-C47,70,3974 AMBOY ROAD,,,,,
WFCM 2018-C48,12,636 PIERCE STREET,,,,,
WFCM 2018-C48,12,444 TOYAMA DRIVE,,,,,
WFCM 2018-C48,12,4700 OLD IRONSIDES DRIVE,,,,,
WFCM 2018-C48,12,7505 MASON KING COURT,,,,,
WFCM 2018-C48,12,21551 BEAUMEADE CIRCLE,,,,,
WFCM 2018-C48,12,43790 DEVIN SHAFRON DRIVE,,,,,
WFCM 2018-C48,12,4650 OLD IRONSIDES DRIVE,,,,,
WFCM 2018-C48,12,14901 FAA BOULEVARD,,,,,
WFCM 2018-C48,3,"WALGREENS - LAREDO, TX",,,,,
WFCM 2018-C48,3,"WALGREENS - CHESTER, MD",,,,,
WFCM 2018-C48,3,"WALGREENS - FRANKLIN, MA",,,,,
WFCM 2018-C48,3,"WALGREENS - BURLINGTON, NC",,,,,
WFCM 2018-C48,3,"WALGREENS - ATLANTA, GA",,,,,
WFCM 2018-C48,3,"WALGREENS - ALEXANDRIA, VA",,,,,
WFCM 2018-C48,30,1400 FLAT GAP ROAD,,,,,
WFCM 2018-C48,42,FAIRMONT CROSSING,,,,,
WFCM 2019-C49,12,DOUBLETREE LEOMINSTER,,,,,
WFCM 2019-C49,19,FLORISSANT MARKETPLACE,,,,,
WFCM 2019-C49,3,RESIDENCE INN DENVER CITY CENTER,,,,,
WFCM 2019-C49,33,WESTPOINTE RETAIL CENTER,,,,,
WFCM 2019-C49,43,TOO MUCH SELF STORAGE,,,,,
WFCM 2019-C49,55,SPENCER MINI STORAGE,,,,,
WFCM 2019-C50,10,GVS - 9951 HARWIN ROAD,,,,,
WFCM 2019-C50,10,GVS - 4901 SOUTH FREEWAY,,,,,
WFCM 2019-C50,10,GVS - 9600 MARION RIDGE,,,,,
WFCM 2019-C50,10,GVS - 7821 TAYLOR ROAD,,,,,
WFCM 2019-C50,10,GVS - 1710 NORTH CUNNINGHAM AVENUE,,,,,
WFCM 2019-C50,10,GVS - 2502 BAY STREET,,,,,
WFCM 2019-C50,10,GVS - 5199 WESTERVILLE ROAD,,,,,
WFCM 2019-C50,10,GVS - 410 GULF FREEWAY,,,,,
WFCM 2019-C50,10,GVS - 765 SOUTH STREET,,,,,
WFCM 2019-C50,10,GVS - 435 CONGRESS PARK DRIVE,,,,,
WFCM 2019-C50,10,GVS - 111 NORTH LAYFAIR DRIVE,,,,,
WFCM 2019-C50,10,GVS - 2202 NORTH MARKET STREET,,,,,
WFCM 2019-C50,10,GVS - 920 HIGHWAY 80 EAST,,,,,
WFCM 2019-C50,10,GVS - 4641 PRODUCTION DRIVE,,,,,
WFCM 2019-C50,10,GVS - 7273 KEARNEY STREET AND 6345 EAST 78TH AVENUE,,,,,
WFCM 2019-C50,10,GVS - 10640 HEMPSTEAD ROAD,,,,,
WFCM 2019-C50,10,GVS - 9984 SOUTH OLD STATE ROAD,,,,,
WFCM 2019-C50,10,GVS - 9010 EMMETT F LOWRY EXPRESSWAY,,,,,
WFCM 2019-C50,10,GVS - 4311 SAMUELL BOULEVARD,,,,,
WFCM 2019-C50,10,GVS - 9530 SKILLMAN STREET,,,,,
WFCM 2019-C50,10,"GVS - 1223, 1235, 1431, 1441, 1451, 1491, 1527, 1543 & 1559 NORTH NELLIS BOULEVARD",,,,,
WFCM 2019-C50,10,GVS - 6250 WESTWARD LANE,,,,,
WFCM 2019-C50,10,GVS - 1661 AND 1670 WEST GOVERNMENT STREET,,,,,
WFCM 2019-C50,10,GVS - 443 LAREDO STREET,,,,,
WFCM 2019-C50,10,GVS - 5301 TAMARACK CIRCLE EAST,,,,,
WFCM 2019-C50,10,GVS - 2150 WIRT ROAD,,,,,
WFCM 2019-C50,10,GVS - 3380 NORTH POST ROAD,,,,,
WFCM 2019-C50,10,GVS - 123 SOUTH MERIDIAN ROAD,,,,,
WFCM 2019-C50,10,GVS - 1330 GEORGESVILLE ROAD,,,,,
WFCM 2019-C50,10,GVS - 7986 SOUTHERN BOULEVARD,,,,,
WFCM 2019-C50,10,GVS - 580 EAST DUBLIN GRANVILLE ROAD,,,,,
WFCM 2019-C50,10,GVS - 5550 ANTOINE DRIVE,,,,,
WFCM 2019-C50,10,GVS - 13825 FM 306,,,,,
WFCM 2019-C50,10,GVS - 11702 BEECHNUT STREET,,,,,
WFCM 2019-C50,10,GVS - 2033 OAK GROVE ROAD,,,,,
WFCM 2019-C50,10,GVS - 15300 KUYKENDAHL ROAD,,,,,
WFCM 2019-C50,10,GVS - 7116 SOUTH IH-35 FRONTAGE ROAD,,,,,
WFCM 2019-C50,10,GVS - 1151 EAST EXPRESSWAY 83,,,,,
WFCM 2019-C50,10,GVS - 4806 MARIE LANE,,,,,
WFCM 2019-C50,10,GVS - 16530 WEST HARDY ROAD,,,,,
WFCM 2019-C50,10,GVS - 16905 INDIAN CHIEF DRIVE,,,,,
WFCM 2019-C50,10,GVS - 3951 HIGHWAY 78,,,,,
WFCM 2019-C50,10,GVS - 8801 BOONE ROAD,,,,,
WFCM 2019-C50,10,GVS - 632 TIMKIN ROAD,,,,,
WFCM 2019-C50,10,GVS - 941 FAIRMONT PARKWAY,,,,,
WFCM 2019-C50,10,GVS - 3412 GARTH ROAD,,,,,
WFCM 2019-C50,10,GVS - 5811 NORTH HOUSTON ROSSLYN ROAD,,,,,
WFCM 2019-C50,10,GVS - 2407 SOUTH U.S. HIGHWAY 183,,,,,
WFCM 2019-C50,10,GVS - 60 WESTPARK ROAD,,,,,
WFCM 2019-C50,10,GVS - 426 NORTH SMITHVILLE ROAD,,,,,
WFCM 2019-C50,10,GVS - 10013 FM 620,,,,,
WFCM 2019-C50,10,GVS - 8320 ALABONSON ROAD,,,,,
WFCM 2019-C50,10,GVS - 1594 ROUTE 9G,,,,,
WFCM 2019-C50,10,GVS - 1585 LEXINGTON AVENUE,,,,,
WFCM 2019-C50,10,GVS - 3785 SHILOH SPRINGS ROAD,,,,,
WFCM 2019-C50,10,GVS - 1961 COVINGTON PIKE,,,,,
WFCM 2019-C50,10,GVS - 4145 STATE ROUTE 741,,,,,
WFCM 2019-C50,10,GVS - 8501 NORTH SPRINGBORO PIKE,,,,,
WFCM 2019-C50,10,GVS - 1910 25TH AVENUE NORTH,,,,,
WFCM 2019-C50,10,GVS - 14318 HIGHWAY 249,,,,,
WFCM 2019-C50,10,GVS - 7200 TUSSING ROAD,,,,,
WFCM 2019-C50,10,GVS - 10601 WEST FAIRMONT PARKWAY,,,,,
WFCM 2019-C50,10,GVS - 613 NORTH FREEWAY,,,,,
WFCM 2019-C50,10,GVS - 8450 COOK ROAD,,,,,
WFCM 2019-C50,16,HEARTLAND DENTAL MEDICAL OFFICE PORTFOLIO - 450 SOUTH WEBER ROAD,,,,,
WFCM 2019-C50,16,HEARTLAND DENTAL MEDICAL OFFICE PORTFOLIO - 1980 U.S. HIGHWAY 1 SOUTH,,,,,
WFCM 2019-C50,16,HEARTLAND DENTAL MEDICAL OFFICE PORTFOLIO - 13328 METCALF AVENUE,,,,,
WFCM 2019-C50,16,HEARTLAND DENTAL MEDICAL OFFICE PORTFOLIO - 826 WEST LINCOLN AVENUE,,,,,
WFCM 2019-C50,16,HEARTLAND DENTAL MEDICAL OFFICE PORTFOLIO - 1515 WEST 45TH AVENUE,,,,,
WFCM 2019-C50,16,HEARTLAND DENTAL MEDICAL OFFICE PORTFOLIO - 1012 MILL POND LANE,,,,,
WFCM 2019-C50,16,HEARTLAND DENTAL MEDICAL OFFICE PORTFOLIO - 621 CHATHAM AVENUE,,,,,
WFCM 2019-C50,16,HEARTLAND DENTAL MEDICAL OFFICE PORTFOLIO - 24940 SOUTH TAMIAMI TRAIL,,,,,
WFCM 2019-C50,16,HEARTLAND DENTAL MEDICAL OFFICE PORTFOLIO - 609 FRONT STREET,,,,,
WFCM 2019-C50,16,HEARTLAND DENTAL MEDICAL OFFICE PORTFOLIO - 6190 LBJ FREEWAY,,,,,
WFCM 2019-C50,16,HEARTLAND DENTAL MEDICAL OFFICE PORTFOLIO - 3417 SCHOFIELD AVENUE,,,,,
WFCM 2019-C50,16,HEARTLAND DENTAL MEDICAL OFFICE PORTFOLIO - 330 PARK PLACE,,,,,
WFCM 2019-C50,16,HEARTLAND DENTAL MEDICAL OFFICE PORTFOLIO - 1490 NORTH GREEN MOUNT ROAD,,,,,
WFCM 2019-C50,16,HEARTLAND DENTAL MEDICAL OFFICE PORTFOLIO - 213 MAIN STREET,,,,,
WFCM 2019-C50,16,HEARTLAND DENTAL MEDICAL OFFICE PORTFOLIO - 11119 HEARTH ROAD,,,,,
WFCM 2019-C50,16,HEARTLAND DENTAL MEDICAL OFFICE PORTFOLIO - 2362 WEST BOULEVARD STREET,,,,,
WFCM 2019-C50,16,HEARTLAND DENTAL MEDICAL OFFICE PORTFOLIO - 2812 EAST MAIN STREET,,,,,
WFCM 2019-C50,16,HEARTLAND DENTAL MEDICAL OFFICE PORTFOLIO - 1202 SOUTH BROAD STREET,,,,,
WFCM 2019-C50,16,HEARTLAND DENTAL MEDICAL OFFICE PORTFOLIO - 8790 WALNUT GROVE ROAD,,,,,
WFCM 2019-C50,16,HEARTLAND DENTAL MEDICAL OFFICE PORTFOLIO - 10708 EAST STATE ROAD 64,,,,,
WFCM 2019-C50,16,HEARTLAND DENTAL MEDICAL OFFICE PORTFOLIO - 2184 FM 3009,,,,,
WFCM 2019-C50,16,HEARTLAND DENTAL MEDICAL OFFICE PORTFOLIO - 2210 BOILING SPRINGS ROAD,,,,,
WFCM 2019-C50,16,HEARTLAND DENTAL MEDICAL OFFICE PORTFOLIO - 3105 KIRBY WHITTEN ROAD,,,,,
WFCM 2019-C50,16,HEARTLAND DENTAL MEDICAL OFFICE PORTFOLIO - 716 32ND STREET SOUTH,,,,,
WFCM 2019-C50,16,HEARTLAND DENTAL MEDICAL OFFICE PORTFOLIO - 1010 WEST U.S. ROUTE 6,,,,,
WFCM 2019-C50,16,HEARTLAND DENTAL MEDICAL OFFICE PORTFOLIO - 935 WEST EXCHANGE PARKWAY,,,,,
WFCM 2019-C50,16,HEARTLAND DENTAL MEDICAL OFFICE PORTFOLIO - 3608 JEFFCO BOULEVARD,,,,,
WFCM 2019-C50,16,HEARTLAND DENTAL MEDICAL OFFICE PORTFOLIO - 998 WILLIFORD COURT,,,,,
WFCM 2019-C50,16,HEARTLAND DENTAL MEDICAL OFFICE PORTFOLIO - 4405 HIGHWAY 17,,,,,
WFCM 2019-C50,16,HEARTLAND DENTAL MEDICAL OFFICE PORTFOLIO - 3003 TWIN RIVERS DRIVE,,,,,
WFCM 2019-C50,16,HEARTLAND DENTAL MEDICAL OFFICE PORTFOLIO - 12260 TAMIAMI TRAIL EAST,,,,,
WFCM 2019-C50,16,HEARTLAND DENTAL MEDICAL OFFICE PORTFOLIO - 1405 SOUTH 25TH STREET,,,,,
WFCM 2019-C50,16,HEARTLAND DENTAL MEDICAL OFFICE PORTFOLIO - 12605 TROXLER AVENUE,,,,,
WFCM 2019-C50,16,HEARTLAND DENTAL MEDICAL OFFICE PORTFOLIO - 122 STONE TRACE DRIVE,,,,,
WFCM 2019-C50,16,HEARTLAND DENTAL MEDICAL OFFICE PORTFOLIO - 4455 FLORIDA NATIONAL DRIVE,,,,,
WFCM 2019-C50,16,HEARTLAND DENTAL MEDICAL OFFICE PORTFOLIO - 3645 NORTH COUNCIL ROAD,,,,,
WFCM 2019-C50,16,HEARTLAND DENTAL MEDICAL OFFICE PORTFOLIO - 9305 MARKET SQUARE DRIVE,,,,,
WFCM 2019-C50,16,HEARTLAND DENTAL MEDICAL OFFICE PORTFOLIO - 3420 BAYSIDE LAKES BOULEVARD SOUTHEAST,,,,,
WFCM 2019-C50,16,HEARTLAND DENTAL MEDICAL OFFICE PORTFOLIO - 309 WEST OGDEN AVENUE,,,,,
WFCM 2019-C50,16,HEARTLAND DENTAL MEDICAL OFFICE PORTFOLIO - 456 UNIVERSITY BOULEVARD NORTH,,,,,
WFCM 2019-C50,16,HEARTLAND DENTAL MEDICAL OFFICE PORTFOLIO - 1316 MCMILLAN STREET,,,,,
WFCM 2019-C50,16,HEARTLAND DENTAL MEDICAL OFFICE PORTFOLIO - 6233 VETERANS PARKWAY,,,,,
WFCM 2019-C50,16,HEARTLAND DENTAL MEDICAL OFFICE PORTFOLIO - 116 CALUMET CENTER ROAD,,,,,
WFCM 2019-C50,16,HEARTLAND DENTAL MEDICAL OFFICE PORTFOLIO - 135 EAST BROADWAY STREET,,,,,
WFCM 2019-C50,16,HEARTLAND DENTAL MEDICAL OFFICE PORTFOLIO - 828 SOUTH MAIN STREET,,,,,
WFCM 2019-C50,16,HEARTLAND DENTAL MEDICAL OFFICE PORTFOLIO - 9360 TWO NOTCH ROAD,,,,,
WFCM 2019-C50,16,HEARTLAND DENTAL MEDICAL OFFICE PORTFOLIO - 7200 RED HAWK COURT,,,,,
WFCM 2019-C50,16,HEARTLAND DENTAL MEDICAL OFFICE PORTFOLIO - 303 ASHBY PARK LANE,,,,,
WFCM 2019-C50,16,HEARTLAND DENTAL MEDICAL OFFICE PORTFOLIO - 3106 PROFESSIONAL PLAZA,,,,,
WFCM 2019-C50,16,HEARTLAND DENTAL MEDICAL OFFICE PORTFOLIO - 1950 CHESLEY DRIVE,,,,,
WFCM 2019-C50,16,HEARTLAND DENTAL MEDICAL OFFICE PORTFOLIO - 104 SOUTH HOUSTON ROAD,,,,,
WFCM 2019-C50,16,HEARTLAND DENTAL MEDICAL OFFICE PORTFOLIO - 103 EAST TATUM AVENUE,,,,,
WFCM 2019-C50,16,HEARTLAND DENTAL MEDICAL OFFICE PORTFOLIO - 165 JUNIPER CIRCLE,,,,,
WFCM 2019-C50,16,HEARTLAND DENTAL MEDICAL OFFICE PORTFOLIO - 12988 GEORGIA HIGHWAY 9,,,,,
WFCM 2019-C50,16,HEARTLAND DENTAL MEDICAL OFFICE PORTFOLIO - 1200 NETWORK CENTRE DRIVE,,,,,
WFCM 2019-C50,16,HEARTLAND DENTAL MEDICAL OFFICE PORTFOLIO - 9150 NORTH EAST BARRY ROAD,,,,,
WFCM 2019-C50,16,HEARTLAND DENTAL MEDICAL OFFICE PORTFOLIO - 11925 JONES BRIDGE ROAD,,,,,
WFCM 2019-C50,16,HEARTLAND DENTAL MEDICAL OFFICE PORTFOLIO - 200 BREVCO PLAZA,,,,,
WFCM 2019-C50,16,HEARTLAND DENTAL MEDICAL OFFICE PORTFOLIO - 1760 WEST VIRGINIA STREET,,,,,
WFCM 2019-C50,16,HEARTLAND DENTAL MEDICAL OFFICE PORTFOLIO - 117 ST. PATRICKS DRIVE,,,,,
WFCM 2019-C50,16,HEARTLAND DENTAL MEDICAL OFFICE PORTFOLIO - 1647 COUNTY ROAD 220,,,,,
WFCM 2019-C50,16,HEARTLAND DENTAL MEDICAL OFFICE PORTFOLIO - 3500 EAST HIGHWAY 377,,,,,
WFCM 2019-C50,16,HEARTLAND DENTAL MEDICAL OFFICE PORTFOLIO - 4112 NORTH BELT HIGHWAY,,,,,
WFCM 2019-C50,16,HEARTLAND DENTAL MEDICAL OFFICE PORTFOLIO - 3009 WINGHAVEN BOULEVARD,,,,,
WFCM 2019-C50,16,HEARTLAND DENTAL MEDICAL OFFICE PORTFOLIO - 2202 ALTHOFF DRIVE,,,,,
WFCM 2019-C50,16,HEARTLAND DENTAL MEDICAL OFFICE PORTFOLIO - 3820 WABASH AVENUE,,,,,
WFCM 2019-C50,16,HEARTLAND DENTAL MEDICAL OFFICE PORTFOLIO - 561 EAST LINCOLN HIGHWAY,,,,,
WFCM 2019-C50,16,HEARTLAND DENTAL MEDICAL OFFICE PORTFOLIO - 508 SOUTH 52ND STREET,,,,,
WFCM 2019-C50,16,HEARTLAND DENTAL MEDICAL OFFICE PORTFOLIO - 1025 ASHLEY STREET,,,,,
WFCM 2019-C50,16,HEARTLAND DENTAL MEDICAL OFFICE PORTFOLIO - 440 ERIE PARKWAY,,,,,
WFCM 2019-C50,16,HEARTLAND DENTAL MEDICAL OFFICE PORTFOLIO - 1381 CITRUS TOWER BOULEVARD,,,,,
WFCM 2019-C50,16,HEARTLAND DENTAL MEDICAL OFFICE PORTFOLIO - 1751 PLEASANT ROAD,,,,,
WFCM 2019-C50,16,HEARTLAND DENTAL MEDICAL OFFICE PORTFOLIO - 9625 LAKE NONA VILLAGE PLACE,,,,,
WFCM 2019-C50,16,HEARTLAND DENTAL MEDICAL OFFICE PORTFOLIO - 615 SAINT JAMES AVENUE,,,,,
WFCM 2019-C50,16,HEARTLAND DENTAL MEDICAL OFFICE PORTFOLIO - 13816 NARCOOSSEE ROAD,,,,,
WFCM 2019-C50,16,HEARTLAND DENTAL MEDICAL OFFICE PORTFOLIO - 1695 WELLS ROAD,,,,,
WFCM 2019-C50,16,HEARTLAND DENTAL MEDICAL OFFICE PORTFOLIO - 4355 SUWANEE DAM ROAD,,,,,
WFCM 2019-C50,16,HEARTLAND DENTAL MEDICAL OFFICE PORTFOLIO - 7310 NORTH VILLA DRIVE,,,,,
WFCM 2019-C50,16,HEARTLAND DENTAL MEDICAL OFFICE PORTFOLIO - 299A INDIAN LAKE BOULEVARD,,,,,
WFCM 2019-C50,16,HEARTLAND DENTAL MEDICAL OFFICE PORTFOLIO - 2455 EAST MAIN STREET,,,,,
WFCM 2019-C50,16,HEARTLAND DENTAL MEDICAL OFFICE PORTFOLIO - 630 EAST MARKEY PARKWAY,,,,,
WFCM 2019-C50,16,HEARTLAND DENTAL MEDICAL OFFICE PORTFOLIO - 1613 EAST PFLUGERVILLE PARKWAY,,,,,
WFCM 2019-C50,16,HEARTLAND DENTAL MEDICAL OFFICE PORTFOLIO - 782 BELLE TERRE PARKWAY,,,,,
WFCM 2019-C50,16,HEARTLAND DENTAL MEDICAL OFFICE PORTFOLIO - 11890 HIGHWAY 707,,,,,
WFCM 2019-C50,16,HEARTLAND DENTAL MEDICAL OFFICE PORTFOLIO - 5 JANNELL COURT,,,,,
WFCM 2019-C50,16,HEARTLAND DENTAL MEDICAL OFFICE PORTFOLIO - 7551 OSCEOLA POLK LINE ROAD,,,,,
WFCM 2019-C50,16,HEARTLAND DENTAL MEDICAL OFFICE PORTFOLIO - 100 PIPER HILL DRIVE,,,,,
WFCM 2019-C50,16,HEARTLAND DENTAL MEDICAL OFFICE PORTFOLIO - 8624 LEE VISTA BOULEVARD,,,,,
WFCM 2019-C50,16,HEARTLAND DENTAL MEDICAL OFFICE PORTFOLIO - 149 TUSCAN WAY,,,,,
WFCM 2019-C50,16,HEARTLAND DENTAL MEDICAL OFFICE PORTFOLIO - 2740 PRAIRIE CROSSING DRIVE,,,,,
WFCM 2019-C50,16,HEARTLAND DENTAL MEDICAL OFFICE PORTFOLIO - 2066 BRUCE B. DOWNS BOULEVARD,,,,,
WFCM 2019-C50,16,HEARTLAND DENTAL MEDICAL OFFICE PORTFOLIO - 209 LATITUDE LANE,,,,,
WFCM 2019-C50,16,HEARTLAND DENTAL MEDICAL OFFICE PORTFOLIO - 4608 SOUTH WEST COLLEGE ROAD,,,,,
WFCM 2019-C50,16,HEARTLAND DENTAL MEDICAL OFFICE PORTFOLIO - 1315 BELL ROAD,,,,,
WFCM 2019-C50,16,HEARTLAND DENTAL MEDICAL OFFICE PORTFOLIO - 4237 U.S. HIGHWAY 1 SOUTH,,,,,
WFCM 2019-C50,16,HEARTLAND DENTAL MEDICAL OFFICE PORTFOLIO - 1521 EAST DEBBIE LANE,,,,,
WFCM 2019-C50,16,HEARTLAND DENTAL MEDICAL OFFICE PORTFOLIO - 3152 SOUTH BROADWAY,,,,,
WFCM 2019-C50,16,HEARTLAND DENTAL MEDICAL OFFICE PORTFOLIO - 8701 SOUTH GARNETT ROAD,,,,,
WFCM 2019-C50,16,HEARTLAND DENTAL MEDICAL OFFICE PORTFOLIO - 840 NISSAN DRIVE,,,,,
WFCM 2019-C50,16,HEARTLAND DENTAL MEDICAL OFFICE PORTFOLIO - 12222 ROUTE 47,,,,,
WFCM 2019-C50,16,HEARTLAND DENTAL MEDICAL OFFICE PORTFOLIO - 3415 LIVERNOIS ROAD,,,,,
WFCM 2019-C50,16,HEARTLAND DENTAL MEDICAL OFFICE PORTFOLIO - 5309 BUFFALO GAP ROAD,,,,,
WFCM 2019-C50,16,HEARTLAND DENTAL MEDICAL OFFICE PORTFOLIO - 1617 EAST MAIN STREET,,,,,
WFCM 2019-C50,16,"HEARTLAND DENTAL MEDICAL OFFICE PORTFOLIO - 2116 VISTA OESTE NORTH WEST, UNIT 202",,,,,
WFCM 2019-C50,16,HEARTLAND DENTAL MEDICAL OFFICE PORTFOLIO - 8190 WINDFALL LANE,,,,,
WFCM 2019-C50,16,HEARTLAND DENTAL MEDICAL OFFICE PORTFOLIO - 2620 EAST HIGHWAY 50,,,,,
WFCM 2019-C50,16,HEARTLAND DENTAL MEDICAL OFFICE PORTFOLIO - 10670 SOUTHWEST TRADITION SQUARE,,,,,
WFCM 2019-C50,16,HEARTLAND DENTAL MEDICAL OFFICE PORTFOLIO - 4939 COURTHOUSE STREET,,,,,
WFCM 2019-C50,16,HEARTLAND DENTAL MEDICAL OFFICE PORTFOLIO - 2301 OLD CANOE CREEK ROAD,,,,,
WFCM 2019-C50,16,HEARTLAND DENTAL MEDICAL OFFICE PORTFOLIO - 507 NORTH HERSHEY ROAD,,,,,
WFCM 2019-C50,16,HEARTLAND DENTAL MEDICAL OFFICE PORTFOLIO - 242 SOUTHWOODS CENTER,,,,,
WFCM 2019-C50,16,HEARTLAND DENTAL MEDICAL OFFICE PORTFOLIO - 3016 COLUMBIA AVENUE,,,,,
WFCM 2019-C50,16,HEARTLAND DENTAL MEDICAL OFFICE PORTFOLIO - 4120 NORTH 197TH AVENUE,,,,,
WFCM 2019-C50,16,HEARTLAND DENTAL MEDICAL OFFICE PORTFOLIO - 13794 BEACH BOULEVARD,,,,,
WFCM 2019-C50,16,HEARTLAND DENTAL MEDICAL OFFICE PORTFOLIO - 3037 SOUTHWEST PORT ST. LUCIE BOULEVARD,,,,,
WFCM 2019-C50,16,HEARTLAND DENTAL MEDICAL OFFICE PORTFOLIO - 1840 DEKALB AVENUE,,,,,
WFCM 2019-C50,16,HEARTLAND DENTAL MEDICAL OFFICE PORTFOLIO - 9100 HIGHWAY 119,,,,,
WFCM 2019-C50,16,HEARTLAND DENTAL MEDICAL OFFICE PORTFOLIO - 42 MARKET SQUARE ROAD,,,,,
WFCM 2019-C50,16,HEARTLAND DENTAL MEDICAL OFFICE PORTFOLIO - 2707 SYCAMORE ROAD,,,,,
WFCM 2019-C50,16,HEARTLAND DENTAL MEDICAL OFFICE PORTFOLIO - 2014 LIME KILN ROAD,,,,,
WFCM 2019-C50,16,HEARTLAND DENTAL MEDICAL OFFICE PORTFOLIO - 101 RICE BENT WAY SUITE 4,,,,,
WFCM 2019-C50,16,"HEARTLAND DENTAL MEDICAL OFFICE PORTFOLIO - 50 SOUTH KYRENE ROAD, SUITE 5",,,,,
WFCM 2019-C50,16,HEARTLAND DENTAL MEDICAL OFFICE PORTFOLIO - 103 FARABEE DRIVE NORTH,,,,,
WFCM 2019-C50,16,HEARTLAND DENTAL MEDICAL OFFICE PORTFOLIO - 4999 NORTH TANNER ROAD,,,,,
WFCM 2019-C50,16,HEARTLAND DENTAL MEDICAL OFFICE PORTFOLIO - 674 LAKE JOY ROAD,,,,,
WFCM 2019-C50,16,HEARTLAND DENTAL MEDICAL OFFICE PORTFOLIO - 1828 IN-44,,,,,
WFCM 2019-C50,16,HEARTLAND DENTAL MEDICAL OFFICE PORTFOLIO - 2950 SOUTH RUTHERFORD BOULEVARD,,,,,
WFCM 2019-C50,16,HEARTLAND DENTAL MEDICAL OFFICE PORTFOLIO - 545 EAST HUNT HIGHWAY,,,,,
WFCM 2019-C50,16,HEARTLAND DENTAL MEDICAL OFFICE PORTFOLIO - 17810 PIERCE PLAZA,,,,,
WFCM 2019-C50,16,HEARTLAND DENTAL MEDICAL OFFICE PORTFOLIO - 5445 SOUTH WILLIAMSON BOULEVARD,,,,,
WFCM 2019-C50,16,HEARTLAND DENTAL MEDICAL OFFICE PORTFOLIO - 780 EAST-WEST CONNECTOR SOUTH WEST,,,,,
WFCM 2019-C50,16,HEARTLAND DENTAL MEDICAL OFFICE PORTFOLIO - 16620 WEST 159TH STREET,,,,,
WFCM 2019-C50,16,HEARTLAND DENTAL MEDICAL OFFICE PORTFOLIO - 13851 NORTH US HIGHWAY 441,,,,,
WFCM 2019-C50,16,HEARTLAND DENTAL MEDICAL OFFICE PORTFOLIO - 3120 MAHAN DRIVE,,,,,
WFCM 2019-C50,16,HEARTLAND DENTAL MEDICAL OFFICE PORTFOLIO - 2000 VETERANS MEMORIAL PARKWAY SOUTH,,,,,
WFCM 2019-C50,16,HEARTLAND DENTAL MEDICAL OFFICE PORTFOLIO - 1402 U.S. ROUTE 12,,,,,
WFCM 2019-C50,16,HEARTLAND DENTAL MEDICAL OFFICE PORTFOLIO - 1776 BLANDING BOULEVARD,,,,,
WFCM 2019-C50,16,HEARTLAND DENTAL MEDICAL OFFICE PORTFOLIO - 3012 ANCHOR DRIVE,,,,,
WFCM 2019-C50,16,HEARTLAND DENTAL MEDICAL OFFICE PORTFOLIO - 1715 WEST MAIN STREET,,,,,
WFCM 2019-C50,16,HEARTLAND DENTAL MEDICAL OFFICE PORTFOLIO - 10389 BIG BEND ROAD,,,,,
WFCM 2019-C50,16,HEARTLAND DENTAL MEDICAL OFFICE PORTFOLIO - 7103 WHITESTOWN PARKWAY,,,,,
WFCM 2019-C50,16,HEARTLAND DENTAL MEDICAL OFFICE PORTFOLIO - 2751 FOUNTAIN PLACE,,,,,
WFCM 2019-C50,16,HEARTLAND DENTAL MEDICAL OFFICE PORTFOLIO - 2030 CROSSING CIRCLE,,,,,
WFCM 2019-C50,16,HEARTLAND DENTAL MEDICAL OFFICE PORTFOLIO - 13101 EAST 96TH STREET NORTH,,,,,
WFCM 2019-C50,16,HEARTLAND DENTAL MEDICAL OFFICE PORTFOLIO - 692 ESSINGTON ROAD,,,,,
WFCM 2019-C50,16,HEARTLAND DENTAL MEDICAL OFFICE PORTFOLIO - 240 BLOSSOM PARK DRIVE,,,,,
WFCM 2019-C50,16,HEARTLAND DENTAL MEDICAL OFFICE PORTFOLIO - 6005 WATSON BOULEVARD,,,,,
WFCM 2019-C50,16,HEARTLAND DENTAL MEDICAL OFFICE PORTFOLIO - 3237 SIXES ROAD,,,,,
WFCM 2019-C50,16,HEARTLAND DENTAL MEDICAL OFFICE PORTFOLIO - 4030 WINDER HIGHWAY,,,,,
WFCM 2019-C50,16,HEARTLAND DENTAL MEDICAL OFFICE PORTFOLIO - 8605 EAST STATE ROAD 70,,,,,
WFCM 2019-C50,16,HEARTLAND DENTAL MEDICAL OFFICE PORTFOLIO - 540 WEST WALNUT STREET,,,,,
WFCM 2019-C50,16,HEARTLAND DENTAL MEDICAL OFFICE PORTFOLIO - 5630 PLANK ROAD,,,,,
WFCM 2019-C50,16,HEARTLAND DENTAL MEDICAL OFFICE PORTFOLIO - 10505 LIMA ROAD,,,,,
WFCM 2019-C50,16,HEARTLAND DENTAL MEDICAL OFFICE PORTFOLIO - 7485 VANDERBILT BEACH BOULEVARD,,,,,
WFCM 2019-C50,16,HEARTLAND DENTAL MEDICAL OFFICE PORTFOLIO - 2701 SOUTH KOKE MILL ROAD,,,,,
WFCM 2019-C50,16,HEARTLAND DENTAL MEDICAL OFFICE PORTFOLIO - 22329 GREENVIEW PARKWAY,,,,,
WFCM 2019-C50,16,HEARTLAND DENTAL MEDICAL OFFICE PORTFOLIO - 25000 BERNWOOD DRIVE,,,,,
WFCM 2019-C50,16,HEARTLAND DENTAL MEDICAL OFFICE PORTFOLIO - 3500 CLEMSON BOULEVARD,,,,,
WFCM 2019-C50,16,HEARTLAND DENTAL MEDICAL OFFICE PORTFOLIO - 2222 HIGHWAY 540A EAST,,,,,
WFCM 2019-C50,16,HEARTLAND DENTAL MEDICAL OFFICE PORTFOLIO - 1055 PINE LOG ROAD,,,,,
WFCM 2019-C50,16,HEARTLAND DENTAL MEDICAL OFFICE PORTFOLIO - 4315 NORTH HOLLAND SYLVANIA ROAD,,,,,
WFCM 2019-C50,16,HEARTLAND DENTAL MEDICAL OFFICE PORTFOLIO - 21300 TOWN COMMONS DRIVE,,,,,
WFCM 2019-C50,16,HEARTLAND DENTAL MEDICAL OFFICE PORTFOLIO - 1905 CONVENIENCE PLACE,,,,,
WFCM 2019-C50,16,HEARTLAND DENTAL MEDICAL OFFICE PORTFOLIO - 3308 PLATT SPRINGS ROAD,,,,,
WFCM 2019-C50,16,HEARTLAND DENTAL MEDICAL OFFICE PORTFOLIO - 132 MILESTONE WAY,,,,,
WFCM 2019-C50,16,HEARTLAND DENTAL MEDICAL OFFICE PORTFOLIO - 1429 CHESTER BOULEVARD,,,,,
WFCM 2019-C50,16,HEARTLAND DENTAL MEDICAL OFFICE PORTFOLIO - 1339 NORTH SUMTER BOULEVARD,,,,,
WFCM 2019-C50,16,HEARTLAND DENTAL MEDICAL OFFICE PORTFOLIO - 1536 FARM TO MARKET 359 ROAD,,,,,
WFCM 2019-C50,16,HEARTLAND DENTAL MEDICAL OFFICE PORTFOLIO - 3585 NORTH 168TH COURT,,,,,
WFCM 2019-C50,18,RIVERS EDGE APARTMENTS,,,,,
WFCM 2019-C50,40,EB HOTEL MIAMI,,,,,
WFCM 2019-C50,48,HOLIDAY INN EXPRESS & SUITES WOODWARD,,,,,
WFCM 2019-C51,28,COURTYARD BY MARRIOTT BEAUMONT,,,,,
WFCM 2019-C51,34,HOLIDAY INN EXPRESS WILKES BARRE EAST,,,,,
WFCM 2019-C51,51,QUALITY INN AND SUITES - PORTSMOUTH,,,,,
WFCM 2019-C52,13,LENOX PARK,,,,,
WFCM 2019-C52,14,"DCB SAVANNAH, GA",,NA,,,IN
WFCM 2019-C52,30,DEL MAR TERRACE APARTMENTS,,,,,
WFCM 2019-C53,3,PRIME STORAGE - WASHINGTON,,,,,
WFCM 2019-C53,3,PRIME STORAGE - NEWINGTON,,,,,
WFCM 2019-C53,3,PRIME STORAGE - SOMERVILLE,,,,,
WFCM 2019-C53,3,PRIME STORAGE - CLINTON,,,,,
WFCM 2019-C53,3,PRIME STORAGE - HYDE PARK,,,,,
WFCM 2019-C53,3,PRIME STORAGE - PHILLIPSBURG,,,,,
WFCM 2019-C53,3,PRIME STORAGE - QUAKERTOWN,,,,,
WFCM 2019-C53,3,PRIME STORAGE - BROOKFIELD,,,,,
WFCM 2019-C53,3,PRIME STORAGE - LINDENWOLD,,,,,
WFCM 2019-C53,3,PRIME STORAGE - FAIRLESS HILLS,,,,,
WFCM 2019-C53,3,PRIME STORAGE - NEW MILFORD,,,,,
WFCM 2019-C53,41,CEDARHURST AND WALSTON MHP,,,,,
WFCM 2019-C54,8,PRIME STORAGE - LINDENWOLD,,,,,
WFCM 2019-C54,8,PRIME STORAGE - CLINTON,,,,,
WFCM 2019-C54,8,PRIME STORAGE - FAIRLESS HILLS,,,,,
WFCM 2019-C54,8,PRIME STORAGE - NEW MILFORD,,,,,
WFCM 2019-C54,8,PRIME STORAGE - PHILLIPSBURG,,,,,
WFCM 2019-C54,8,PRIME STORAGE - HYDE PARK,,,,,
WFCM 2019-C54,8,PRIME STORAGE - QUAKERTOWN,,,,,
WFCM 2019-C54,8,PRIME STORAGE - BROOKFIELD,,,,,
WFCM 2019-C54,8,PRIME STORAGE - WASHINGTON,,,,,
WFCM 2019-C54,8,PRIME STORAGE - NEWINGTON,,,,,
WFCM 2019-C54,8,PRIME STORAGE - SOMERVILLE,,,,,
WFCM 2020-C55,26,J-TOWN STORAGE,,,,,
WFCM 2020-C55,26,MELLWOOD STORAGE,,,,,
WFCM 2020-C55,26,MAIN STREET STORAGE,,,,,
WFCM 2020-C55,48,WEST PHOENIX SELF STORAGE,,,,,
WFCM 2020-C56,1,SUPOR INDUSTRIAL PORTFOLIO,,,,,
WFCM 2020-C56,17,MERIDIAN,,,,,
WFCM 2020-C56,17,STEELE STREET,,,,,
WFCM 2020-C56,17,PACIFIC AVENUE,,,,,
WFCM 2020-C56,17,UP SOUTH,,,,,
WFCM 2020-C56,17,UP NORTH,,,,,
WFCM 2020-C56,17,74TH STREET,,,,,
WFCM 2020-C56,17,STEELE STREET PLAZA PROPERTY,,,,,
WFCM 2020-C56,28,CROSSTRAX,,,,,
WFCM 2020-C56,28,CHERRY ROAD,,,,,
WFCM 2020-C56,45,NORBROOK ARMS APARTMENTS,,,,,
WFCM 2020-C58,21,WEST RIVER FLATS,,,,,
WFCM 2021-C60,40,CLARA POINT APARTMENTS,,,,,
WFCM 2021-C60,51,TURTLE CREEK APARTMENTS,,,,,
WFCM 2021-C61,44,RITE AID - FLINT,,,,,
WFCM 2021-C61,44,WALGREENS - GREENVILLE,,,,,
WFCM 2021-C61,6,980 MADISON,,,,,

